event_time,user_host,thread_id,server_id,command_type,argument
"2021-12-11 22:30:00.915410,""root[root] @ localhost [::1]"",15,1,Query,..."
"2021-12-11 22:30:01.124370,""root[root] @ localhost [::1]"",14,1,Query,..."
"2021-12-11 22:30:01.125889,""root[root] @ localhost [::1]"",14,1,Query,..."
"2021-12-11 22:30:01.126452,""root[root] @ localhost [::1]"",14,1,Query,..."
"2021-12-11 22:30:01.128451,""root[root] @ localhost [::1]"",14,1,Query,..."
"2021-12-11 22:30:19.115743,""root[root] @ localhost [::1]"",15,1,Query,..."
"2021-12-11 22:30:30.580077,""root[root] @ localhost [::1]"",15,1,Query,..."
"2021-12-11 22:30:37.744928,""root[root] @ localhost [::1]"",15,1,Query,..."
"2021-12-11 22:30:55.438305,""root[root] @ localhost [::1]"",15,1,Query,..."
"2021-12-11 22:31:09.456374,""root[root] @ localhost [::1]"",15,1,Query,..."
"2021-12-11 22:31:09.476517,""root[root] @ localhost [::1]"",14,1,Query,..."
"2021-12-11 22:31:09.477582,""root[root] @ localhost [::1]"",14,1,Query,..."
"2021-12-11 22:31:09.478212,""root[root] @ localhost [::1]"",14,1,Query,..."
"2021-12-11 22:31:09.479639,""root[root] @ localhost [::1]"",14,1,Query,..."
"2021-12-11 22:33:23.827551,""root[root] @ localhost [::1]"",14,1,Query,..."
"2021-12-11 22:33:23.878665,""root[root] @ localhost [::1]"",14,1,Query,..."
"2021-12-11 22:45:53.145016,""root[root] @ localhost [::1]"",15,1,Query,..."
"2021-12-11 22:51:29.585630,""root[root] @ localhost [::1]"",14,1,Query,..."
"2021-12-11 22:51:29.612579,""root[root] @ localhost [::1]"",14,1,Query,..."
"2021-12-11 22:51:43.061810,""root[root] @ localhost [::1]"",14,1,Query,..."
"2021-12-11 22:51:43.064177,""root[root] @ localhost [::1]"",14,1,Query,..."
"2021-12-11 23:00:10.140247,""root[root] @ localhost [::1]"",15,1,Query,..."
"2021-12-11 23:00:39.558885,""root[root] @ localhost [::1]"",14,1,Query,..."
"2021-12-11 23:00:39.561228,""root[root] @ localhost [::1]"",14,1,Query,..."
"2021-12-11 23:21:10.179292,""root[root] @ localhost [::1]"",15,1,Query,..."
"2021-12-11 23:21:27.783368,""root[root] @ localhost [::1]"",15,1,Query,..."
"2021-12-11 23:22:12.192897,""root[root] @ localhost [::1]"",14,1,Query,..."
"2021-12-11 23:22:12.243592,""root[root] @ localhost [::1]"",14,1,Query,..."
"2021-12-11 23:23:18.682439,""root[root] @ localhost [::1]"",15,1,Query,..."
"2021-12-11 23:23:18.703462,""root[root] @ localhost [::1]"",14,1,Query,..."
"2021-12-11 23:23:18.706562,""root[root] @ localhost [::1]"",14,1,Query,..."
"2021-12-11 23:23:18.707326,""root[root] @ localhost [::1]"",14,1,Query,..."
"2021-12-11 23:23:18.709195,""root[root] @ localhost [::1]"",14,1,Query,..."
"2021-12-11 23:25:32.327869,""root[root] @ localhost [::1]"",15,1,Query,..."
"2021-12-11 23:25:32.365149,""root[root] @ localhost [::1]"",14,1,Query,..."
"2021-12-11 23:25:32.366306,""root[root] @ localhost [::1]"",14,1,Query,..."
"2021-12-11 23:25:32.366810,""root[root] @ localhost [::1]"",14,1,Query,..."
"2021-12-11 23:25:32.368232,""root[root] @ localhost [::1]"",14,1,Query,..."
"2021-12-11 23:25:56.919355,""root[root] @ localhost [::1]"",15,1,Query,..."
"2021-12-11 23:26:09.104998,""root[root] @ localhost [::1]"",15,1,Prepare,..."
"2021-12-11 23:26:09.123192,""root[root] @ localhost [::1]"",15,1,Execute,..."
"2021-12-11 23:26:09.146298,""root[root] @ localhost [::1]"",15,1,Prepare,..."
"2021-12-11 23:26:09.146437,""root[root] @ localhost [::1]"",15,1,""Close stmt"","
"2021-12-11 23:26:09.146506,""root[root] @ localhost [::1]"",15,1,Execute,..."
"2021-12-11 23:26:09.146894,""root[root] @ localhost [::1]"",15,1,Query,..."
"2021-12-11 23:26:09.218847,""root[root] @ localhost [::1]"",15,1,""Close stmt"","
"2021-12-11 23:26:09.234407,""root[root] @ localhost [::1]"",15,1,Query,..."
"2021-12-11 23:26:09.235063,""root[root] @ localhost [::1]"",14,1,Query,..."
"2021-12-11 23:26:11.229154,""root[root] @ localhost [::1]"",15,1,Query,..."
"2021-12-11 23:26:19.588115,""root[root] @ localhost [::1]"",15,1,Query,..."
"2021-12-11 23:26:19.608252,""root[root] @ localhost [::1]"",14,1,Query,..."
"2021-12-11 23:26:19.609515,""root[root] @ localhost [::1]"",14,1,Query,..."
"2021-12-11 23:26:19.610041,""root[root] @ localhost [::1]"",14,1,Query,..."
"2021-12-11 23:26:19.611981,""root[root] @ localhost [::1]"",14,1,Query,..."
"2021-12-11 23:34:36.856858,""root[root] @ localhost [::1]"",15,1,Query,..."
"2021-12-11 23:34:44.213182,""root[root] @ localhost [::1]"",14,1,Query,..."
"2021-12-11 23:34:44.318962,""root[root] @ localhost [::1]"",14,1,Query,..."
"2021-12-11 23:34:44.325459,""root[root] @ localhost [::1]"",14,1,Query,..."
"2021-12-11 23:34:44.331511,""root[root] @ localhost [::1]"",14,1,Query,..."
"2021-12-11 23:34:44.333119,""root[root] @ localhost [::1]"",15,1,Query,..."
"2021-12-11 23:34:44.334898,""root[root] @ localhost [::1]"",15,1,Query,..."
"2021-12-11 23:34:44.336368,""root[root] @ localhost [::1]"",15,1,Query,..."
"2021-12-11 23:34:44.337932,""root[root] @ localhost [::1]"",15,1,Query,..."
"2021-12-11 23:34:44.339421,""root[root] @ localhost [::1]"",15,1,Query,..."
"2021-12-11 23:34:44.340817,""root[root] @ localhost [::1]"",15,1,Query,..."
"2021-12-11 23:34:44.342271,""root[root] @ localhost [::1]"",15,1,Query,..."
"2021-12-11 23:34:44.344822,""root[root] @ localhost [::1]"",15,1,Query,..."
"2021-12-11 23:34:44.346368,""root[root] @ localhost [::1]"",15,1,Query,..."
"2021-12-11 23:34:44.347762,""root[root] @ localhost [::1]"",15,1,Query,..."
"2021-12-11 23:34:44.349151,""root[root] @ localhost [::1]"",15,1,Query,..."
"2021-12-11 23:34:44.350493,""root[root] @ localhost [::1]"",15,1,Query,..."
"2021-12-11 23:34:44.425134,""root[root] @ localhost [::1]"",14,1,Query,..."
"2021-12-11 23:34:44.428405,""root[root] @ localhost [::1]"",14,1,Query,..."
"2021-12-11 23:34:44.438584,""root[root] @ localhost [::1]"",14,1,Query,..."
"2021-12-11 23:34:44.440725,""root[root] @ localhost [::1]"",14,1,Query,..."
"2021-12-11 23:34:44.443362,""root[root] @ localhost [::1]"",14,1,Query,..."
"2021-12-11 23:34:44.445445,""root[root] @ localhost [::1]"",14,1,Query,..."
"2021-12-11 23:34:44.447812,""root[root] @ localhost [::1]"",14,1,Query,..."
"2021-12-11 23:34:44.449741,""root[root] @ localhost [::1]"",14,1,Query,..."
"2021-12-11 23:34:44.452201,""root[root] @ localhost [::1]"",14,1,Query,..."
"2021-12-11 23:34:44.454483,""root[root] @ localhost [::1]"",14,1,Query,..."
"2021-12-11 23:34:48.728472,""root[root] @ localhost [::1]"",14,1,Query,..."
"2021-12-11 23:34:48.732187,""root[root] @ localhost [::1]"",14,1,Query,..."
"2021-12-11 23:36:43.270196,""root[root] @ localhost [::1]"",15,1,Query,..."
"2021-12-11 23:36:46.770961,""root[root] @ localhost [::1]"",14,1,Query,..."
"2021-12-11 23:36:46.814925,""root[root] @ localhost [::1]"",14,1,Query,..."
"2021-12-11 23:36:46.892727,""root[root] @ localhost [::1]"",14,1,Query,..."
"2021-12-11 23:36:46.894393,""root[root] @ localhost [::1]"",14,1,Query,..."
"2021-12-11 23:36:46.895891,""root[root] @ localhost [::1]"",15,1,Query,..."
"2021-12-11 23:36:46.898255,""root[root] @ localhost [::1]"",15,1,Query,..."
"2021-12-11 23:36:46.899655,""root[root] @ localhost [::1]"",15,1,Query,..."
"2021-12-11 23:36:46.901106,""root[root] @ localhost [::1]"",15,1,Query,..."
"2021-12-11 23:36:46.902540,""root[root] @ localhost [::1]"",15,1,Query,..."
"2021-12-11 23:36:46.903928,""root[root] @ localhost [::1]"",15,1,Query,..."
"2021-12-11 23:36:46.905297,""root[root] @ localhost [::1]"",15,1,Query,..."
"2021-12-11 23:36:46.906929,""root[root] @ localhost [::1]"",15,1,Query,..."
"2021-12-11 23:36:46.919649,""root[root] @ localhost [::1]"",15,1,Query,..."
"2021-12-11 23:36:46.921527,""root[root] @ localhost [::1]"",15,1,Query,..."
"2021-12-11 23:36:46.922858,""root[root] @ localhost [::1]"",15,1,Query,..."
"2021-12-11 23:36:46.924189,""root[root] @ localhost [::1]"",15,1,Query,..."
"2021-12-11 23:36:46.927335,""root[root] @ localhost [::1]"",14,1,Query,..."
"2021-12-11 23:36:46.930252,""root[root] @ localhost [::1]"",14,1,Query,..."
"2021-12-11 23:36:46.934172,""root[root] @ localhost [::1]"",14,1,Query,..."
"2021-12-11 23:36:46.936173,""root[root] @ localhost [::1]"",14,1,Query,..."
"2021-12-11 23:36:46.938779,""root[root] @ localhost [::1]"",14,1,Query,..."
"2021-12-11 23:36:46.940845,""root[root] @ localhost [::1]"",14,1,Query,..."
"2021-12-11 23:36:46.943274,""root[root] @ localhost [::1]"",14,1,Query,..."
"2021-12-11 23:36:46.945151,""root[root] @ localhost [::1]"",14,1,Query,..."
"2021-12-11 23:36:46.947581,""root[root] @ localhost [::1]"",14,1,Query,..."
"2021-12-11 23:36:46.949631,""root[root] @ localhost [::1]"",14,1,Query,..."
"2021-12-11 23:36:46.952756,""root[root] @ localhost [::1]"",14,1,Query,..."
"2021-12-11 23:36:46.975467,""root[root] @ localhost [::1]"",14,1,Query,..."
"2021-12-11 23:40:41.715704,""root[root] @ localhost [::1]"",15,1,Query,..."
"2021-12-11 23:45:40.122568,""root[root] @ localhost [::1]"",15,1,Query,..."
"2021-12-11 23:47:05.936870,""root[root] @ localhost [::1]"",15,1,Query,..."
"2021-12-11 23:47:24.661643,""root[root] @ localhost [::1]"",15,1,Query,..."
"2021-12-11 23:54:03.726708,""root[root] @ localhost [::1]"",15,1,Query,..."
"2021-12-11 23:54:03.742543,""root[root] @ localhost [::1]"",14,1,Query,..."
"2021-12-11 23:54:03.743658,""root[root] @ localhost [::1]"",14,1,Query,..."
"2021-12-11 23:54:03.744147,""root[root] @ localhost [::1]"",14,1,Query,..."
"2021-12-11 23:54:03.745524,""root[root] @ localhost [::1]"",14,1,Query,..."
"2021-12-12 11:47:45.597518,""root[root] @ localhost [::1]"",15,1,Query,..."
"2021-12-12 11:50:19.223772,""[root] @ localhost [::1]"",24,1,Connect,..."
"2021-12-12 11:50:19.405002,""root[root] @ localhost [::1]"",24,1,Query,..."
"2021-12-12 11:50:19.405964,""root[root] @ localhost [::1]"",24,1,Query,..."
"2021-12-12 11:50:19.412200,""root[root] @ localhost [::1]"",24,1,Query,..."
"2021-12-12 11:50:19.454099,""root[root] @ localhost [::1]"",24,1,Query,..."
"2021-12-12 11:50:19.454686,""root[root] @ localhost [::1]"",24,1,Query,..."
"2021-12-12 11:50:19.586123,""root[root] @ localhost [::1]"",24,1,Query,..."
"2021-12-12 11:50:19.596367,""root[root] @ localhost [::1]"",24,1,Query,..."
"2021-12-12 11:50:19.697150,""root[root] @ localhost [::1]"",24,1,Query,..."
"2021-12-12 11:50:19.697638,""root[root] @ localhost [::1]"",24,1,Query,..."
"2021-12-12 11:50:19.834026,""root[root] @ localhost [::1]"",24,1,Query,..."
"2021-12-12 11:50:19.874142,""[root] @ localhost [::1]"",25,1,Connect,..."
"2021-12-12 11:50:19.907324,""root[root] @ localhost [::1]"",25,1,Query,..."
"2021-12-12 11:50:19.907629,""root[root] @ localhost [::1]"",25,1,Query,..."
"2021-12-12 11:50:19.907936,""root[root] @ localhost [::1]"",25,1,Query,..."
"2021-12-12 11:50:19.908231,""root[root] @ localhost [::1]"",25,1,Query,..."
"2021-12-12 11:50:19.908705,""root[root] @ localhost [::1]"",25,1,Query,..."
"2021-12-12 11:50:19.947151,""root[root] @ localhost [::1]"",25,1,Query,..."
"2021-12-12 11:50:19.978293,""root[root] @ localhost [::1]"",25,1,Query,..."
"2021-12-12 11:50:20.013234,""root[root] @ localhost [::1]"",25,1,Query,..."
"2021-12-12 11:50:20.013582,""root[root] @ localhost [::1]"",25,1,Query,..."
"2021-12-12 11:50:20.081380,""root[root] @ localhost [::1]"",25,1,Query,..."
"2021-12-12 11:50:20.081709,""root[root] @ localhost [::1]"",25,1,Query,..."
"2021-12-12 11:50:20.128860,""root[root] @ localhost [::1]"",25,1,Query,..."
"2021-12-12 11:50:20.132262,""root[root] @ localhost [::1]"",25,1,Query,..."
"2021-12-12 11:50:20.136305,""root[root] @ localhost [::1]"",25,1,Query,..."
"2021-12-12 11:50:20.136645,""root[root] @ localhost [::1]"",25,1,Query,..."
"2021-12-12 11:50:21.568156,""root[root] @ localhost [::1]"",25,1,Query,..."
"2021-12-12 11:50:21.600988,""root[root] @ localhost [::1]"",25,1,Query,..."
"2021-12-12 11:50:21.617209,""root[root] @ localhost [::1]"",24,1,Query,..."
"2021-12-12 11:50:21.620325,""root[root] @ localhost [::1]"",25,1,Query,..."
"2021-12-12 11:50:21.754208,""root[root] @ localhost [::1]"",25,1,Query,..."
"2021-12-12 11:50:21.759076,""root[root] @ localhost [::1]"",25,1,Query,..."
"2021-12-12 11:50:21.762167,""root[root] @ localhost [::1]"",25,1,Query,..."
"2021-12-12 11:50:21.948400,""root[root] @ localhost [::1]"",25,1,Query,..."
"2021-12-12 11:50:21.951857,""root[root] @ localhost [::1]"",25,1,Query,..."
"2021-12-12 11:50:23.717780,""root[root] @ localhost [::1]"",24,1,Query,..."
"2021-12-12 11:50:23.886679,""root[root] @ localhost [::1]"",24,1,Query,..."
"2021-12-12 11:50:24.007003,""root[root] @ localhost [::1]"",24,1,Query,..."
"2021-12-12 11:50:24.033257,""root[root] @ localhost [::1]"",25,1,Query,..."
"2021-12-12 11:50:24.237164,""root[root] @ localhost [::1]"",25,1,Query,..."
"2021-12-12 11:50:24.264912,""root[root] @ localhost [::1]"",25,1,Query,..."
"2021-12-12 11:50:24.287865,""root[root] @ localhost [::1]"",25,1,Query,..."
"2021-12-12 11:50:24.301093,""root[root] @ localhost [::1]"",25,1,Query,..."
"2021-12-12 11:50:24.303366,""root[root] @ localhost [::1]"",25,1,Query,..."
"2021-12-12 11:50:24.304869,""root[root] @ localhost [::1]"",25,1,Query,..."
"2021-12-12 11:50:24.306985,""root[root] @ localhost [::1]"",25,1,Query,..."
"2021-12-12 11:50:24.308756,""root[root] @ localhost [::1]"",25,1,Query,..."
"2021-12-12 11:50:24.310452,""root[root] @ localhost [::1]"",25,1,Query,..."
"2021-12-12 11:50:24.311803,""root[root] @ localhost [::1]"",25,1,Query,..."
"2021-12-12 11:50:24.313735,""root[root] @ localhost [::1]"",25,1,Query,..."
"2021-12-12 11:51:11.648109,""root[root] @ localhost [::1]"",25,1,Query,..."
"2021-12-12 11:51:11.678235,""root[root] @ localhost [::1]"",24,1,Query,..."
"2021-12-12 11:51:11.839857,""root[root] @ localhost [::1]"",24,1,Query,..."
"2021-12-12 11:51:11.840738,""root[root] @ localhost [::1]"",24,1,Query,..."
"2021-12-12 11:51:11.883376,""root[root] @ localhost [::1]"",24,1,Query,..."
"2021-12-12 11:52:34.388979,""root[root] @ localhost [::1]"",24,1,Query,..."
"2021-12-12 11:52:34.389638,""root[root] @ localhost [::1]"",25,1,Query,..."
"2021-12-12 11:52:37.329220,""root[root] @ localhost [::1]"",25,1,Query,..."
"2021-12-12 11:52:37.400217,""root[root] @ localhost [::1]"",24,1,Query,..."
"2021-12-12 11:52:37.401397,""root[root] @ localhost [::1]"",24,1,Query,..."
"2021-12-12 11:52:37.427330,""root[root] @ localhost [::1]"",24,1,Query,..."
"2021-12-12 11:52:37.429087,""root[root] @ localhost [::1]"",24,1,Query,..."
"2021-12-12 11:55:08.961643,""[root] @ localhost [::1]"",26,1,Connect,..."
"2021-12-12 11:55:08.962455,""root[root] @ localhost [::1]"",26,1,Query,..."
"2021-12-12 11:55:08.962741,""root[root] @ localhost [::1]"",26,1,Query,..."
"2021-12-12 11:55:08.963160,""root[root] @ localhost [::1]"",26,1,Query,..."
"2021-12-12 11:55:08.984410,""root[root] @ localhost [::1]"",26,1,Query,..."
"2021-12-12 11:55:08.984755,""root[root] @ localhost [::1]"",26,1,Query,..."
"2021-12-12 11:55:09.016424,""root[root] @ localhost [::1]"",26,1,Query,..."
"2021-12-12 11:55:09.017411,""root[root] @ localhost [::1]"",26,1,Query,..."
"2021-12-12 11:55:09.029157,""root[root] @ localhost [::1]"",26,1,Query,..."
"2021-12-12 11:55:09.032760,""root[root] @ localhost [::1]"",26,1,Query,..."
"2021-12-12 11:55:09.056702,""root[root] @ localhost [::1]"",26,1,Query,..."
"2021-12-12 11:55:09.057059,""root[root] @ localhost [::1]"",26,1,Query,..."
"2021-12-12 11:55:09.057286,""root[root] @ localhost [::1]"",26,1,Query,..."
"2021-12-12 11:55:09.057621,""root[root] @ localhost [::1]"",26,1,Query,..."
"2021-12-12 11:55:09.057979,""root[root] @ localhost [::1]"",26,1,Query,..."
"2021-12-12 11:55:09.068235,""root[root] @ localhost [::1]"",26,1,Query,..."
"2021-12-12 11:55:09.068526,""root[root] @ localhost [::1]"",26,1,Query,..."
"2021-12-12 11:55:09.068807,""root[root] @ localhost [::1]"",26,1,Query,..."
"2021-12-12 11:55:09.069105,""root[root] @ localhost [::1]"",26,1,Query,..."
"2021-12-12 11:55:09.069382,""root[root] @ localhost [::1]"",26,1,Query,..."
"2021-12-12 11:55:09.078087,""root[root] @ localhost [::1]"",26,1,Query,..."
"2021-12-12 11:55:09.096638,""root[root] @ localhost [::1]"",26,1,Query,..."
"2021-12-12 11:55:09.097186,""root[root] @ localhost [::1]"",26,1,Query,..."
"2021-12-12 11:55:09.098185,""root[root] @ localhost [::1]"",26,1,Quit,"
"2021-12-12 11:56:21.318536,""root[root] @ localhost [::1]"",24,1,Query,..."
"2021-12-12 11:56:21.358964,""root[root] @ localhost [::1]"",24,1,Query,..."
"2021-12-12 12:11:46.510291,""root[root] @ localhost [::1]"",25,1,Query,..."
"2021-12-12 12:11:46.622975,""root[root] @ localhost [::1]"",24,1,Query,..."
"2021-12-12 12:11:46.624275,""root[root] @ localhost [::1]"",24,1,Query,..."
"2021-12-12 12:11:46.624841,""root[root] @ localhost [::1]"",24,1,Query,..."
"2021-12-12 12:11:46.626459,""root[root] @ localhost [::1]"",24,1,Query,..."
"2021-12-12 13:11:05.396074,""root[root] @ localhost [::1]"",24,1,Query,..."
"2021-12-12 13:11:05.425674,""root[root] @ localhost [::1]"",24,1,Query,..."
"2021-12-12 14:00:08.327804,""root[root] @ localhost [::1]"",25,1,Query,..."
"2021-12-12 14:00:44.965881,""root[root] @ localhost [::1]"",24,1,Query,..."
"2021-12-12 14:00:44.997471,""root[root] @ localhost [::1]"",24,1,Query,..."
"2021-12-12 14:15:33.822231,""root[root] @ localhost [::1]"",25,1,Query,..."
"2021-12-12 14:16:19.287218,""root[root] @ localhost [::1]"",25,1,Query,..."
"2021-12-12 14:59:13.686923,""root[root] @ localhost [::1]"",24,1,Query,..."
"2021-12-12 14:59:13.790639,""root[root] @ localhost [::1]"",24,1,Query,..."
"2021-12-12 15:12:45.399997,""root[root] @ localhost [::1]"",25,1,Query,..."
"2021-12-12 15:12:45.472207,""root[root] @ localhost [::1]"",24,1,Query,..."
"2021-12-12 15:12:45.593003,""root[root] @ localhost [::1]"",24,1,Query,..."
"2021-12-12 15:12:45.594049,""root[root] @ localhost [::1]"",24,1,Query,..."
"2021-12-12 15:12:45.595967,""root[root] @ localhost [::1]"",24,1,Query,..."
"2021-12-12 15:15:07.538462,""root[root] @ localhost [::1]"",25,1,Query,..."
"2021-12-12 15:15:07.564337,""root[root] @ localhost [::1]"",24,1,Query,..."
"2021-12-12 15:15:07.596682,""root[root] @ localhost [::1]"",24,1,Query,..."
"2021-12-12 15:15:07.597377,""root[root] @ localhost [::1]"",24,1,Query,..."
"2021-12-12 15:15:07.599172,""root[root] @ localhost [::1]"",24,1,Query,..."
"2021-12-12 15:15:25.116843,""root[root] @ localhost [::1]"",25,1,Query,..."
"2021-12-12 15:15:25.127057,""root[root] @ localhost [::1]"",24,1,Query,..."
"2021-12-12 15:15:25.128377,""root[root] @ localhost [::1]"",24,1,Query,..."
"2021-12-12 15:15:25.128927,""root[root] @ localhost [::1]"",24,1,Query,..."
"2021-12-12 15:15:25.130705,""root[root] @ localhost [::1]"",24,1,Query,..."
"2021-12-12 15:16:19.310924,""root[root] @ localhost [::1]"",25,1,Query,..."
"2021-12-12 15:16:19.313737,""root[root] @ localhost [::1]"",25,1,Query,..."
"2021-12-12 15:16:19.384751,""root[root] @ localhost [::1]"",25,1,Query,..."
"2021-12-12 15:16:19.387346,""root[root] @ localhost [::1]"",25,1,Query,..."
"2021-12-12 15:16:19.389582,""root[root] @ localhost [::1]"",25,1,Query,..."
"2021-12-12 15:16:19.451634,""root[root] @ localhost [::1]"",25,1,Query,..."
"2021-12-12 15:16:19.453985,""root[root] @ localhost [::1]"",25,1,Query,..."
"2021-12-12 15:16:19.571400,""root[root] @ localhost [::1]"",25,1,Query,..."
"2021-12-12 15:16:27.581713,""root[root] @ localhost [::1]"",25,1,Query,..."
"2021-12-12 15:16:27.592084,""root[root] @ localhost [::1]"",24,1,Query,..."
"2021-12-12 15:16:27.593371,""root[root] @ localhost [::1]"",24,1,Query,..."
"2021-12-12 15:16:27.594041,""root[root] @ localhost [::1]"",24,1,Query,..."
"2021-12-12 15:16:27.595903,""root[root] @ localhost [::1]"",24,1,Query,..."
"2021-12-12 15:16:41.649732,""root[root] @ localhost [::1]"",24,1,Query,..."
"2021-12-12 15:16:41.775631,""root[root] @ localhost [::1]"",24,1,Query,..."
"2021-12-12 15:16:41.893918,""root[root] @ localhost [::1]"",24,1,Query,..."
"2021-12-12 15:16:41.974701,""root[root] @ localhost [::1]"",24,1,Query,..."
"2021-12-12 15:16:41.976606,""root[root] @ localhost [::1]"",25,1,Query,..."
"2021-12-12 15:16:41.997441,""root[root] @ localhost [::1]"",24,1,Query,..."
"2021-12-12 15:16:42.012161,""root[root] @ localhost [::1]"",24,1,Query,..."
"2021-12-12 15:16:42.029678,""root[root] @ localhost [::1]"",24,1,Query,..."
"2021-12-12 15:16:42.038091,""root[root] @ localhost [::1]"",25,1,Query,..."
"2021-12-12 15:16:42.040076,""root[root] @ localhost [::1]"",25,1,Query,..."
"2021-12-12 15:16:42.040809,""root[root] @ localhost [::1]"",24,1,Query,..."
"2021-12-12 15:16:42.041786,""root[root] @ localhost [::1]"",25,1,Query,..."
"2021-12-12 15:16:42.043518,""root[root] @ localhost [::1]"",25,1,Query,..."
"2021-12-12 15:16:42.044556,""root[root] @ localhost [::1]"",24,1,Query,..."
"2021-12-12 15:16:42.045216,""root[root] @ localhost [::1]"",25,1,Query,..."
"2021-12-12 15:16:42.046723,""root[root] @ localhost [::1]"",24,1,Query,..."
"2021-12-12 15:16:42.046796,""root[root] @ localhost [::1]"",25,1,Query,..."
"2021-12-12 15:16:42.049657,""root[root] @ localhost [::1]"",24,1,Query,..."
"2021-12-12 15:16:42.056711,""root[root] @ localhost [::1]"",25,1,Query,..."
"2021-12-12 15:16:42.058365,""root[root] @ localhost [::1]"",25,1,Query,..."
"2021-12-12 15:16:42.058735,""root[root] @ localhost [::1]"",24,1,Query,..."
"2021-12-12 15:16:42.059753,""root[root] @ localhost [::1]"",25,1,Query,..."
"2021-12-12 15:16:42.061184,""root[root] @ localhost [::1]"",25,1,Query,..."
"2021-12-12 15:16:42.062890,""root[root] @ localhost [::1]"",25,1,Query,..."
"2021-12-12 15:16:44.752857,""root[root] @ localhost [::1]"",25,1,Query,..."
"2021-12-12 15:16:44.763198,""root[root] @ localhost [::1]"",24,1,Query,..."
"2021-12-12 15:16:44.793858,""root[root] @ localhost [::1]"",24,1,Query,..."
"2021-12-12 15:16:44.794469,""root[root] @ localhost [::1]"",24,1,Query,..."
"2021-12-12 15:16:44.796105,""root[root] @ localhost [::1]"",24,1,Query,..."
"2021-12-12 15:16:52.653028,""root[root] @ localhost [::1]"",25,1,Query,..."
"2021-12-12 15:16:52.683162,""root[root] @ localhost [::1]"",24,1,Query,..."
"2021-12-12 15:16:52.684181,""root[root] @ localhost [::1]"",24,1,Query,..."
"2021-12-12 15:16:52.684682,""root[root] @ localhost [::1]"",24,1,Query,..."
"2021-12-12 15:16:52.686375,""root[root] @ localhost [::1]"",24,1,Query,..."
"2021-12-12 15:17:58.523165,""root[root] @ localhost [::1]"",25,1,Query,..."
"2021-12-12 15:17:58.538021,""root[root] @ localhost [::1]"",25,1,Query,..."
"2021-12-12 15:17:58.541239,""root[root] @ localhost [::1]"",25,1,Query,..."
"2021-12-12 15:17:58.543450,""root[root] @ localhost [::1]"",25,1,Query,..."
"2021-12-12 15:17:58.575582,""root[root] @ localhost [::1]"",25,1,Query,..."
"2021-12-12 15:17:58.613214,""root[root] @ localhost [::1]"",25,1,Query,..."
"2021-12-12 15:17:58.615938,""root[root] @ localhost [::1]"",25,1,Query,..."
"2021-12-12 15:17:58.618510,""root[root] @ localhost [::1]"",25,1,Query,..."
"2021-12-12 15:17:58.658575,""root[root] @ localhost [::1]"",25,1,Query,..."
"2021-12-12 15:17:58.787745,""root[root] @ localhost [::1]"",25,1,Query,..."
"2021-12-12 15:17:58.790681,""root[root] @ localhost [::1]"",25,1,Query,..."
"2021-12-12 15:17:58.800939,""root[root] @ localhost [::1]"",24,1,Query,..."
"2021-12-12 15:18:18.572491,""root[root] @ localhost [::1]"",25,1,Query,..."
"2021-12-12 15:18:18.583389,""root[root] @ localhost [::1]"",24,1,Query,..."
"2021-12-12 15:18:18.584568,""root[root] @ localhost [::1]"",24,1,Query,..."
"2021-12-12 15:18:18.585090,""root[root] @ localhost [::1]"",24,1,Query,..."
"2021-12-12 15:18:18.607734,""root[root] @ localhost [::1]"",24,1,Query,..."
"2021-12-12 15:20:06.529833,""root[root] @ localhost [::1]"",25,1,Query,..."
"2021-12-12 15:20:06.541335,""root[root] @ localhost [::1]"",24,1,Query,..."
"2021-12-12 15:20:06.542731,""root[root] @ localhost [::1]"",24,1,Query,..."
"2021-12-12 15:20:06.543301,""root[root] @ localhost [::1]"",24,1,Query,..."
"2021-12-12 15:20:06.546001,""root[root] @ localhost [::1]"",24,1,Query,..."
"2021-12-12 16:47:17.504953,""root[root] @ localhost [::1]"",25,1,Query,..."
"2021-12-12 16:47:17.681258,""root[root] @ localhost [::1]"",25,1,Query,..."
"2021-12-12 16:47:17.733201,""root[root] @ localhost [::1]"",25,1,Query,..."
"2021-12-12 16:47:17.798358,""root[root] @ localhost [::1]"",25,1,Query,..."
"2021-12-12 16:47:18.043683,""root[root] @ localhost [::1]"",25,1,Query,..."
"2021-12-12 16:47:18.046534,""root[root] @ localhost [::1]"",25,1,Query,..."
"2021-12-12 16:47:18.125824,""root[root] @ localhost [::1]"",25,1,Query,..."
"2021-12-12 16:47:18.128922,""root[root] @ localhost [::1]"",25,1,Query,..."
"2021-12-12 16:47:18.131692,""root[root] @ localhost [::1]"",25,1,Query,..."
"2021-12-12 16:47:18.505349,""root[root] @ localhost [::1]"",25,1,Query,..."
"2021-12-12 16:47:29.391327,""root[root] @ localhost [::1]"",25,1,Query,..."
"2021-12-12 16:47:29.464831,""root[root] @ localhost [::1]"",24,1,Query,..."
"2021-12-12 16:47:29.543080,""root[root] @ localhost [::1]"",24,1,Query,..."
"2021-12-12 16:47:29.544063,""root[root] @ localhost [::1]"",24,1,Query,..."
"2021-12-12 16:47:29.547748,""root[root] @ localhost [::1]"",24,1,Query,..."
"2021-12-12 16:52:59.564327,""root[root] @ localhost [::1]"",25,1,Query,..."
"2021-12-12 16:52:59.630101,""root[root] @ localhost [::1]"",25,1,Query,..."
"2021-12-12 16:52:59.647392,""root[root] @ localhost [::1]"",25,1,Query,..."
"2021-12-12 16:52:59.681211,""root[root] @ localhost [::1]"",25,1,Query,..."
"2021-12-12 16:52:59.844149,""root[root] @ localhost [::1]"",25,1,Query,..."
"2021-12-12 16:52:59.974855,""root[root] @ localhost [::1]"",25,1,Query,..."
"2021-12-12 16:52:59.977664,""root[root] @ localhost [::1]"",25,1,Query,..."
"2021-12-12 16:52:59.980097,""root[root] @ localhost [::1]"",25,1,Query,..."
"2021-12-12 16:52:59.982572,""root[root] @ localhost [::1]"",25,1,Query,..."
"2021-12-12 16:53:00.224625,""root[root] @ localhost [::1]"",25,1,Query,..."
"2021-12-12 16:53:09.268688,""root[root] @ localhost [::1]"",25,1,Query,..."
"2021-12-12 16:53:09.391162,""root[root] @ localhost [::1]"",24,1,Query,..."
"2021-12-12 16:53:09.392444,""root[root] @ localhost [::1]"",24,1,Query,..."
"2021-12-12 16:53:09.392973,""root[root] @ localhost [::1]"",24,1,Query,..."
"2021-12-12 16:53:09.394707,""root[root] @ localhost [::1]"",24,1,Query,..."
"2021-12-12 16:53:18.980252,""root[root] @ localhost [::1]"",25,1,Query,..."
"2021-12-12 16:53:19.062910,""root[root] @ localhost [::1]"",25,1,Query,..."
"2021-12-12 16:53:19.065284,""root[root] @ localhost [::1]"",25,1,Query,..."
"2021-12-12 16:53:19.067545,""root[root] @ localhost [::1]"",25,1,Query,..."
"2021-12-12 16:53:19.117999,""root[root] @ localhost [::1]"",25,1,Query,..."
"2021-12-12 16:53:19.120635,""root[root] @ localhost [::1]"",25,1,Query,..."
"2021-12-12 16:53:19.122967,""root[root] @ localhost [::1]"",25,1,Query,..."
"2021-12-12 16:53:19.125341,""root[root] @ localhost [::1]"",25,1,Query,..."
"2021-12-12 16:53:19.127569,""root[root] @ localhost [::1]"",25,1,Query,..."
"2021-12-12 16:53:24.157988,""root[root] @ localhost [::1]"",25,1,Query,..."
"2021-12-12 16:53:24.168789,""root[root] @ localhost [::1]"",24,1,Query,..."
"2021-12-12 16:53:24.170684,""root[root] @ localhost [::1]"",24,1,Query,..."
"2021-12-12 16:53:24.171300,""root[root] @ localhost [::1]"",24,1,Query,..."
"2021-12-12 16:53:24.192253,""root[root] @ localhost [::1]"",24,1,Query,..."
"2021-12-12 17:07:23.503878,""root[root] @ localhost [::1]"",24,1,Query,..."
"2021-12-12 17:07:23.667654,""root[root] @ localhost [::1]"",24,1,Query,..."
"2021-12-12 17:34:49.841105,""root[root] @ localhost [::1]"",24,1,Query,..."
"2021-12-12 17:34:49.878158,""root[root] @ localhost [::1]"",24,1,Query,..."
"2021-12-12 17:35:25.175393,""root[root] @ localhost [::1]"",25,1,Query,..."
"2021-12-12 17:35:25.360482,""root[root] @ localhost [::1]"",24,1,Query,..."
"2021-12-12 17:35:25.383853,""root[root] @ localhost [::1]"",24,1,Query,..."
"2021-12-12 17:35:25.384704,""root[root] @ localhost [::1]"",24,1,Query,..."
"2021-12-12 17:35:25.386701,""root[root] @ localhost [::1]"",24,1,Query,..."
"2021-12-12 19:08:16.572280,""root[root] @ localhost [::1]"",25,1,Query,..."
"2021-12-12 19:08:50.112242,""root[root] @ localhost [::1]"",25,1,Query,..."
"2021-12-12 19:08:50.646567,""root[root] @ localhost [::1]"",24,1,Query,..."
"2021-12-12 19:08:50.806683,""root[root] @ localhost [::1]"",24,1,Query,..."
"2021-12-12 19:08:50.807960,""root[root] @ localhost [::1]"",24,1,Query,..."
"2021-12-12 19:09:40.202002,""root[root] @ localhost [::1]"",25,1,Query,..."
"2021-12-12 19:09:40.307961,""root[root] @ localhost [::1]"",24,1,Query,..."
"2021-12-12 19:09:40.379137,""root[root] @ localhost [::1]"",24,1,Query,..."
"2021-12-12 19:09:40.382540,""root[root] @ localhost [::1]"",24,1,Query,..."
"2021-12-12 19:19:17.693040,""root[root] @ localhost [::1]"",24,1,Query,..."
"2021-12-12 19:19:17.901205,""root[root] @ localhost [::1]"",24,1,Query,..."
"2021-12-12 19:20:50.872590,""root[root] @ localhost [::1]"",25,1,Query,..."
"2021-12-12 19:20:51.161692,""root[root] @ localhost [::1]"",24,1,Query,..."
"2021-12-12 19:20:51.197871,""root[root] @ localhost [::1]"",24,1,Query,..."
"2021-12-12 19:20:51.198546,""root[root] @ localhost [::1]"",24,1,Query,..."
"2021-12-12 19:21:15.813736,""root[root] @ localhost [::1]"",25,1,Query,..."
"2021-12-12 19:21:15.873659,""root[root] @ localhost [::1]"",24,1,Query,..."
"2021-12-12 19:21:15.874939,""root[root] @ localhost [::1]"",24,1,Query,..."
"2021-12-12 19:21:15.875483,""root[root] @ localhost [::1]"",24,1,Query,..."
"2021-12-12 19:23:17.763823,""root[root] @ localhost [::1]"",25,1,Query,..."
"2021-12-12 19:23:17.945191,""root[root] @ localhost [::1]"",24,1,Query,..."
"2021-12-12 19:23:17.946319,""root[root] @ localhost [::1]"",24,1,Query,..."
"2021-12-12 19:23:17.946924,""root[root] @ localhost [::1]"",24,1,Query,..."
"2021-12-12 19:23:17.964587,""root[root] @ localhost [::1]"",24,1,Query,..."
"2021-12-12 19:25:27.694943,""root[root] @ localhost [::1]"",25,1,Query,..."
"2021-12-12 19:25:34.214268,""root[root] @ localhost [::1]"",25,1,Query,..."
"2021-12-12 19:25:34.248300,""root[root] @ localhost [::1]"",24,1,Query,..."
"2021-12-12 19:25:34.249604,""root[root] @ localhost [::1]"",24,1,Query,..."
"2021-12-12 19:25:34.250259,""root[root] @ localhost [::1]"",24,1,Query,..."
"2021-12-12 19:25:34.251776,""root[root] @ localhost [::1]"",24,1,Query,..."
"2021-12-12 19:47:26.981584,""root[root] @ localhost [::1]"",25,1,Query,..."
"2021-12-12 19:47:41.141207,""root[root] @ localhost [::1]"",25,1,Query,..."
"2021-12-12 19:47:41.179224,""root[root] @ localhost [::1]"",24,1,Query,..."
"2021-12-12 19:47:41.180420,""root[root] @ localhost [::1]"",24,1,Query,..."
"2021-12-12 19:47:41.180918,""root[root] @ localhost [::1]"",24,1,Query,..."
"2021-12-12 19:47:41.182403,""root[root] @ localhost [::1]"",24,1,Query,..."
"2021-12-12 19:48:37.516878,""root[root] @ localhost [::1]"",25,1,Query,..."
"2021-12-12 19:48:37.548855,""root[root] @ localhost [::1]"",24,1,Query,..."
"2021-12-12 19:48:37.550108,""root[root] @ localhost [::1]"",24,1,Query,..."
"2021-12-12 19:48:37.550672,""root[root] @ localhost [::1]"",24,1,Query,..."
"2021-12-12 19:48:37.552474,""root[root] @ localhost [::1]"",24,1,Query,..."
"2021-12-12 19:49:54.287472,""root[root] @ localhost [::1]"",25,1,Query,..."
"2021-12-12 19:49:54.327365,""root[root] @ localhost [::1]"",24,1,Query,..."
"2021-12-12 19:49:54.328558,""root[root] @ localhost [::1]"",24,1,Query,..."
"2021-12-12 19:49:54.329075,""root[root] @ localhost [::1]"",24,1,Query,..."
"2021-12-12 19:53:50.749359,""root[root] @ localhost [::1]"",25,1,Query,..."
"2021-12-12 19:53:50.811445,""root[root] @ localhost [::1]"",24,1,Query,..."
"2021-12-12 19:53:50.812627,""root[root] @ localhost [::1]"",24,1,Query,..."
"2021-12-12 19:53:50.813220,""root[root] @ localhost [::1]"",24,1,Query,..."
"2021-12-12 19:54:39.485497,""root[root] @ localhost [::1]"",25,1,Query,..."
"2021-12-12 19:54:39.588793,""root[root] @ localhost [::1]"",24,1,Query,..."
"2021-12-12 19:54:39.643291,""root[root] @ localhost [::1]"",24,1,Query,..."
"2021-12-12 19:54:39.644036,""root[root] @ localhost [::1]"",24,1,Query,..."
"2021-12-12 19:55:15.212000,""root[root] @ localhost [::1]"",25,1,Query,..."
"2021-12-12 19:55:54.143084,""root[root] @ localhost [::1]"",25,1,Query,..."
"2021-12-12 19:55:54.153914,""root[root] @ localhost [::1]"",24,1,Query,..."
"2021-12-12 19:55:54.155126,""root[root] @ localhost [::1]"",24,1,Query,..."
"2021-12-12 19:55:54.155661,""root[root] @ localhost [::1]"",24,1,Query,..."
"2021-12-12 19:56:37.697178,""root[root] @ localhost [::1]"",25,1,Query,..."
"2021-12-12 19:56:37.707536,""root[root] @ localhost [::1]"",24,1,Query,..."
"2021-12-12 19:56:37.708856,""root[root] @ localhost [::1]"",24,1,Query,..."
"2021-12-12 19:56:37.709436,""root[root] @ localhost [::1]"",24,1,Query,..."
"2021-12-12 19:57:56.132916,""root[root] @ localhost [::1]"",25,1,Query,..."
"2021-12-12 19:58:02.349239,""root[root] @ localhost [::1]"",25,1,Query,..."
"2021-12-12 19:58:11.829788,""root[root] @ localhost [::1]"",25,1,Query,..."
"2021-12-12 19:58:22.593299,""root[root] @ localhost [::1]"",25,1,Query,..."
"2021-12-12 20:01:07.231428,""root[root] @ localhost [::1]"",25,1,Query,..."
"2021-12-12 20:01:33.290810,""root[root] @ localhost [::1]"",25,1,Query,..."
"2021-12-12 20:01:33.345479,""root[root] @ localhost [::1]"",24,1,Query,..."
"2021-12-12 20:01:33.375723,""root[root] @ localhost [::1]"",24,1,Query,..."
"2021-12-12 20:01:33.376303,""root[root] @ localhost [::1]"",24,1,Query,..."
"2021-12-12 20:16:08.990733,""root[root] @ localhost [::1]"",25,1,Query,..."
"2021-12-12 20:16:09.025829,""root[root] @ localhost [::1]"",24,1,Query,..."
"2021-12-12 20:16:09.027155,""root[root] @ localhost [::1]"",24,1,Query,..."
"2021-12-12 20:16:09.027733,""root[root] @ localhost [::1]"",24,1,Query,..."
"2021-12-12 20:16:25.512395,""root[root] @ localhost [::1]"",25,1,Query,..."
"2021-12-12 20:16:25.540866,""root[root] @ localhost [::1]"",24,1,Query,..."
"2021-12-12 20:16:25.542526,""root[root] @ localhost [::1]"",24,1,Query,..."
"2021-12-12 20:16:25.543213,""root[root] @ localhost [::1]"",24,1,Query,..."
"2021-12-12 20:17:01.258667,""root[root] @ localhost [::1]"",25,1,Query,..."
"2021-12-12 20:17:01.313825,""root[root] @ localhost [::1]"",24,1,Query,..."
"2021-12-12 20:17:01.315019,""root[root] @ localhost [::1]"",24,1,Query,..."
"2021-12-12 20:17:01.315540,""root[root] @ localhost [::1]"",24,1,Query,..."
"2021-12-12 20:18:10.543454,""root[root] @ localhost [::1]"",25,1,Query,..."
"2021-12-12 20:18:10.554074,""root[root] @ localhost [::1]"",24,1,Query,..."
"2021-12-12 20:18:10.555407,""root[root] @ localhost [::1]"",24,1,Query,..."
"2021-12-12 20:18:10.556000,""root[root] @ localhost [::1]"",24,1,Query,..."
"2021-12-12 20:18:10.557729,""root[root] @ localhost [::1]"",24,1,Query,..."
"2021-12-12 20:19:07.065294,""root[root] @ localhost [::1]"",25,1,Query,..."
"2021-12-12 20:19:07.119521,""root[root] @ localhost [::1]"",24,1,Query,..."
"2021-12-12 20:19:07.120716,""root[root] @ localhost [::1]"",24,1,Query,..."
"2021-12-12 20:19:07.121441,""root[root] @ localhost [::1]"",24,1,Query,..."
"2021-12-12 20:19:30.434318,""root[root] @ localhost [::1]"",25,1,Query,..."
"2021-12-12 20:19:30.474799,""root[root] @ localhost [::1]"",24,1,Query,..."
"2021-12-12 20:19:30.475902,""root[root] @ localhost [::1]"",24,1,Query,..."
"2021-12-12 20:19:30.476418,""root[root] @ localhost [::1]"",24,1,Query,..."
"2021-12-12 20:26:12.022432,""root[root] @ localhost [::1]"",25,1,Query,..."
"2021-12-12 20:26:24.313544,""root[root] @ localhost [::1]"",25,1,Query,..."
"2021-12-12 20:26:43.996145,""root[root] @ localhost [::1]"",25,1,Query,..."
"2021-12-12 20:26:44.038363,""root[root] @ localhost [::1]"",24,1,Query,..."
"2021-12-12 20:26:44.039709,""root[root] @ localhost [::1]"",24,1,Query,..."
"2021-12-12 20:26:44.040230,""root[root] @ localhost [::1]"",24,1,Query,..."
"2021-12-12 20:27:09.001032,""root[root] @ localhost [::1]"",25,1,Query,..."
"2021-12-12 20:27:09.013027,""root[root] @ localhost [::1]"",24,1,Query,..."
"2021-12-12 20:27:09.014177,""root[root] @ localhost [::1]"",24,1,Query,..."
"2021-12-12 20:27:09.014705,""root[root] @ localhost [::1]"",24,1,Query,..."
"2021-12-12 20:27:19.943269,""root[root] @ localhost [::1]"",25,1,Query,..."
"2021-12-12 20:27:19.954254,""root[root] @ localhost [::1]"",24,1,Query,..."
"2021-12-12 20:27:19.955667,""root[root] @ localhost [::1]"",24,1,Query,..."
"2021-12-12 20:27:19.956241,""root[root] @ localhost [::1]"",24,1,Query,..."
"2021-12-12 20:27:28.989205,""root[root] @ localhost [::1]"",25,1,Query,..."
"2021-12-12 20:27:29.008471,""root[root] @ localhost [::1]"",24,1,Query,..."
"2021-12-12 20:27:29.009737,""root[root] @ localhost [::1]"",24,1,Query,..."
"2021-12-12 20:27:29.010351,""root[root] @ localhost [::1]"",24,1,Query,..."
"2021-12-12 20:27:33.213652,""root[root] @ localhost [::1]"",25,1,Query,..."
"2021-12-12 20:27:33.250229,""root[root] @ localhost [::1]"",24,1,Query,..."
"2021-12-12 20:27:33.251358,""root[root] @ localhost [::1]"",24,1,Query,..."
"2021-12-12 20:27:33.251866,""root[root] @ localhost [::1]"",24,1,Query,..."
"2021-12-12 20:28:18.563383,""root[root] @ localhost [::1]"",25,1,Query,..."
"2021-12-12 20:28:44.752544,""root[root] @ localhost [::1]"",25,1,Query,..."
"2021-12-12 20:28:44.763888,""root[root] @ localhost [::1]"",24,1,Query,..."
"2021-12-12 20:28:44.765358,""root[root] @ localhost [::1]"",24,1,Query,..."
"2021-12-12 20:28:44.766012,""root[root] @ localhost [::1]"",24,1,Query,..."
"2021-12-12 20:29:04.684318,""root[root] @ localhost [::1]"",25,1,Query,..."
"2021-12-12 20:29:36.826402,""root[root] @ localhost [::1]"",25,1,Query,..."
"2021-12-12 20:29:36.839124,""root[root] @ localhost [::1]"",24,1,Query,..."
"2021-12-12 20:29:36.840340,""root[root] @ localhost [::1]"",24,1,Query,..."
"2021-12-12 20:29:36.840950,""root[root] @ localhost [::1]"",24,1,Query,..."
"2021-12-12 20:30:02.551760,""root[root] @ localhost [::1]"",25,1,Query,..."
"2021-12-12 20:30:06.718439,""root[root] @ localhost [::1]"",25,1,Query,..."
"2021-12-12 20:30:11.466010,""root[root] @ localhost [::1]"",25,1,Query,..."
"2021-12-12 20:30:21.405002,""root[root] @ localhost [::1]"",25,1,Query,..."
"2021-12-12 20:30:21.415350,""root[root] @ localhost [::1]"",24,1,Query,..."
"2021-12-12 20:30:21.416461,""root[root] @ localhost [::1]"",24,1,Query,..."
"2021-12-12 20:30:21.416978,""root[root] @ localhost [::1]"",24,1,Query,..."
"2021-12-12 20:39:55.333695,""root[root] @ localhost [::1]"",25,1,Query,..."
"2021-12-12 20:39:55.344344,""root[root] @ localhost [::1]"",24,1,Query,..."
"2021-12-12 20:39:55.345509,""root[root] @ localhost [::1]"",24,1,Query,..."
"2021-12-12 20:39:55.346148,""root[root] @ localhost [::1]"",24,1,Query,..."
"2021-12-12 20:42:51.150625,""root[root] @ localhost [::1]"",25,1,Query,..."
"2021-12-12 20:42:51.178123,""root[root] @ localhost [::1]"",24,1,Query,..."
"2021-12-12 20:42:51.179435,""root[root] @ localhost [::1]"",24,1,Query,..."
"2021-12-12 20:42:51.180214,""root[root] @ localhost [::1]"",24,1,Query,..."
"2021-12-12 20:43:17.274408,""root[root] @ localhost [::1]"",25,1,Query,..."
"2021-12-12 20:44:19.018553,""root[root] @ localhost [::1]"",25,1,Query,..."
"2021-12-12 20:44:22.534267,""root[root] @ localhost [::1]"",25,1,Query,..."
"2021-12-12 20:44:38.023220,""root[root] @ localhost [::1]"",25,1,Query,..."
"2021-12-12 20:45:05.544804,""root[root] @ localhost [::1]"",25,1,Query,..."
"2021-12-12 20:45:37.345515,""root[root] @ localhost [::1]"",25,1,Query,..."
"2021-12-12 20:45:37.386900,""root[root] @ localhost [::1]"",24,1,Query,..."
"2021-12-12 20:45:37.388073,""root[root] @ localhost [::1]"",24,1,Query,..."
"2021-12-12 20:45:37.388599,""root[root] @ localhost [::1]"",24,1,Query,..."
"2021-12-12 20:46:00.714477,""root[root] @ localhost [::1]"",25,1,Query,..."
"2021-12-12 20:46:00.748743,""root[root] @ localhost [::1]"",24,1,Query,..."
"2021-12-12 20:46:00.750016,""root[root] @ localhost [::1]"",24,1,Query,..."
"2021-12-12 20:46:00.750531,""root[root] @ localhost [::1]"",24,1,Query,..."
"2021-12-12 20:46:14.613086,""root[root] @ localhost [::1]"",25,1,Query,..."
"2021-12-12 20:46:14.634871,""root[root] @ localhost [::1]"",24,1,Query,..."
"2021-12-12 20:46:14.636076,""root[root] @ localhost [::1]"",24,1,Query,..."
"2021-12-12 20:46:14.655300,""root[root] @ localhost [::1]"",24,1,Query,..."
"2021-12-12 20:46:35.994497,""root[root] @ localhost [::1]"",25,1,Query,..."
"2021-12-12 20:46:36.015604,""root[root] @ localhost [::1]"",24,1,Query,..."
"2021-12-12 20:46:36.016916,""root[root] @ localhost [::1]"",24,1,Query,..."
"2021-12-12 20:46:36.017458,""root[root] @ localhost [::1]"",24,1,Query,..."
"2021-12-12 20:46:41.389849,""root[root] @ localhost [::1]"",25,1,Query,..."
"2021-12-12 20:46:41.411790,""root[root] @ localhost [::1]"",24,1,Query,..."
"2021-12-12 20:46:41.413122,""root[root] @ localhost [::1]"",24,1,Query,..."
"2021-12-12 20:46:41.413740,""root[root] @ localhost [::1]"",24,1,Query,..."
"2021-12-12 20:46:45.453012,""root[root] @ localhost [::1]"",25,1,Query,..."
"2021-12-12 20:46:45.492225,""root[root] @ localhost [::1]"",24,1,Query,..."
"2021-12-12 20:46:45.493623,""root[root] @ localhost [::1]"",24,1,Query,..."
"2021-12-12 20:46:45.494248,""root[root] @ localhost [::1]"",24,1,Query,..."
"2021-12-12 20:47:06.213372,""root[root] @ localhost [::1]"",25,1,Query,..."
"2021-12-12 20:47:06.233826,""root[root] @ localhost [::1]"",24,1,Query,..."
"2021-12-12 20:47:06.234983,""root[root] @ localhost [::1]"",24,1,Query,..."
"2021-12-12 20:47:06.235570,""root[root] @ localhost [::1]"",24,1,Query,..."
"2021-12-12 20:47:32.606006,""root[root] @ localhost [::1]"",25,1,Query,..."
"2021-12-12 21:05:30.557548,""root[root] @ localhost [::1]"",25,1,Query,..."
"2021-12-12 21:05:30.601223,""root[root] @ localhost [::1]"",24,1,Query,..."
"2021-12-12 21:05:30.602686,""root[root] @ localhost [::1]"",24,1,Query,..."
"2021-12-12 21:05:30.603177,""root[root] @ localhost [::1]"",24,1,Query,..."
"2021-12-12 21:05:38.893182,""root[root] @ localhost [::1]"",25,1,Query,..."
"2021-12-12 21:05:38.926225,""root[root] @ localhost [::1]"",24,1,Query,..."
"2021-12-12 21:05:38.927671,""root[root] @ localhost [::1]"",24,1,Query,..."
"2021-12-12 21:05:38.928289,""root[root] @ localhost [::1]"",24,1,Query,..."
"2021-12-12 21:06:49.323806,""root[root] @ localhost [::1]"",25,1,Query,..."
"2021-12-12 21:06:49.344702,""root[root] @ localhost [::1]"",24,1,Query,..."
"2021-12-12 21:06:49.345998,""root[root] @ localhost [::1]"",24,1,Query,..."
"2021-12-12 21:06:49.346539,""root[root] @ localhost [::1]"",24,1,Query,..."
"2021-12-12 21:06:58.446449,""root[root] @ localhost [::1]"",25,1,Query,..."
"2021-12-12 21:06:58.476063,""root[root] @ localhost [::1]"",24,1,Query,..."
"2021-12-12 21:06:58.477332,""root[root] @ localhost [::1]"",24,1,Query,..."
"2021-12-12 21:06:58.477873,""root[root] @ localhost [::1]"",24,1,Query,..."
"2021-12-12 21:07:02.312807,""root[root] @ localhost [::1]"",25,1,Query,..."
"2021-12-12 21:07:02.324429,""root[root] @ localhost [::1]"",24,1,Query,..."
"2021-12-12 21:07:02.325663,""root[root] @ localhost [::1]"",24,1,Query,..."
"2021-12-12 21:07:02.326220,""root[root] @ localhost [::1]"",24,1,Query,..."
"2021-12-12 21:07:10.684483,""root[root] @ localhost [::1]"",25,1,Query,..."
"2021-12-12 21:07:10.694877,""root[root] @ localhost [::1]"",24,1,Query,..."
"2021-12-12 21:07:10.696065,""root[root] @ localhost [::1]"",24,1,Query,..."
"2021-12-12 21:07:10.696576,""root[root] @ localhost [::1]"",24,1,Query,..."
"2021-12-12 21:07:14.415720,""root[root] @ localhost [::1]"",25,1,Query,..."
"2021-12-12 21:07:14.426473,""root[root] @ localhost [::1]"",24,1,Query,..."
"2021-12-12 21:07:14.427686,""root[root] @ localhost [::1]"",24,1,Query,..."
"2021-12-12 21:07:14.428242,""root[root] @ localhost [::1]"",24,1,Query,..."
"2021-12-12 21:07:18.260152,""root[root] @ localhost [::1]"",25,1,Query,..."
"2021-12-12 21:07:18.270943,""root[root] @ localhost [::1]"",24,1,Query,..."
"2021-12-12 21:07:18.272172,""root[root] @ localhost [::1]"",24,1,Query,..."
"2021-12-12 21:07:18.272738,""root[root] @ localhost [::1]"",24,1,Query,..."
"2021-12-12 21:07:59.343796,""root[root] @ localhost [::1]"",25,1,Query,..."
"2021-12-12 21:07:59.419688,""root[root] @ localhost [::1]"",24,1,Query,..."
"2021-12-12 21:07:59.420879,""root[root] @ localhost [::1]"",24,1,Query,..."
"2021-12-12 21:07:59.421393,""root[root] @ localhost [::1]"",24,1,Query,..."
"2021-12-12 21:08:09.201294,""root[root] @ localhost [::1]"",25,1,Query,..."
"2021-12-12 21:08:09.211774,""root[root] @ localhost [::1]"",24,1,Query,..."
"2021-12-12 21:08:09.212868,""root[root] @ localhost [::1]"",24,1,Query,..."
"2021-12-12 21:08:09.213371,""root[root] @ localhost [::1]"",24,1,Query,..."
"2021-12-12 21:08:43.272143,""root[root] @ localhost [::1]"",25,1,Query,..."
"2021-12-12 21:08:43.282482,""root[root] @ localhost [::1]"",24,1,Query,..."
"2021-12-12 21:08:43.283608,""root[root] @ localhost [::1]"",24,1,Query,..."
"2021-12-12 21:08:43.284160,""root[root] @ localhost [::1]"",24,1,Query,..."
"2021-12-12 21:08:43.285723,""root[root] @ localhost [::1]"",24,1,Query,..."
"2021-12-12 21:09:23.695883,""root[root] @ localhost [::1]"",25,1,Query,..."
"2021-12-12 21:09:23.706970,""root[root] @ localhost [::1]"",24,1,Query,..."
"2021-12-12 21:09:23.708259,""root[root] @ localhost [::1]"",24,1,Query,..."
"2021-12-12 21:09:23.708828,""root[root] @ localhost [::1]"",24,1,Query,..."
"2021-12-12 21:10:02.125858,""root[root] @ localhost [::1]"",25,1,Query,..."
"2021-12-12 21:10:02.136340,""root[root] @ localhost [::1]"",24,1,Query,..."
"2021-12-12 21:10:02.206061,""root[root] @ localhost [::1]"",24,1,Query,..."
"2021-12-12 21:10:02.206761,""root[root] @ localhost [::1]"",24,1,Query,..."
"2021-12-12 21:10:07.193510,""root[root] @ localhost [::1]"",25,1,Query,..."
"2021-12-12 21:10:07.203621,""root[root] @ localhost [::1]"",24,1,Query,..."
"2021-12-12 21:10:07.204896,""root[root] @ localhost [::1]"",24,1,Query,..."
"2021-12-12 21:10:07.205460,""root[root] @ localhost [::1]"",24,1,Query,..."
"2021-12-12 21:10:10.950492,""root[root] @ localhost [::1]"",25,1,Query,..."
"2021-12-12 21:10:10.981495,""root[root] @ localhost [::1]"",24,1,Query,..."
"2021-12-12 21:10:10.982774,""root[root] @ localhost [::1]"",24,1,Query,..."
"2021-12-12 21:10:10.983284,""root[root] @ localhost [::1]"",24,1,Query,..."
"2021-12-12 21:11:48.613531,""root[root] @ localhost [::1]"",25,1,Query,..."
"2021-12-12 21:12:07.729986,""root[root] @ localhost [::1]"",25,1,Query,..."
"2021-12-12 21:12:15.401522,""root[root] @ localhost [::1]"",25,1,Query,..."
"2021-12-12 21:12:15.445068,""root[root] @ localhost [::1]"",24,1,Query,..."
"2021-12-12 21:12:15.446536,""root[root] @ localhost [::1]"",24,1,Query,..."
"2021-12-12 21:12:15.447145,""root[root] @ localhost [::1]"",24,1,Query,..."
"2021-12-12 21:12:39.401528,""root[root] @ localhost [::1]"",25,1,Query,..."
"2021-12-12 21:12:39.411860,""root[root] @ localhost [::1]"",24,1,Query,..."
"2021-12-12 21:12:39.434051,""root[root] @ localhost [::1]"",24,1,Query,..."
"2021-12-12 21:12:39.434665,""root[root] @ localhost [::1]"",24,1,Query,..."
"2021-12-12 21:12:46.569153,""root[root] @ localhost [::1]"",25,1,Query,..."
"2021-12-12 21:12:46.579396,""root[root] @ localhost [::1]"",24,1,Query,..."
"2021-12-12 21:12:46.634868,""root[root] @ localhost [::1]"",24,1,Query,..."
"2021-12-12 21:12:46.635474,""root[root] @ localhost [::1]"",24,1,Query,..."
"2021-12-12 21:13:20.365999,""root[root] @ localhost [::1]"",25,1,Query,..."
"2021-12-12 21:13:20.376749,""root[root] @ localhost [::1]"",24,1,Query,..."
"2021-12-12 21:13:20.378173,""root[root] @ localhost [::1]"",24,1,Query,..."
"2021-12-12 21:13:20.378747,""root[root] @ localhost [::1]"",24,1,Query,..."
"2021-12-12 21:13:37.305273,""root[root] @ localhost [::1]"",25,1,Query,..."
"2021-12-12 21:13:37.317246,""root[root] @ localhost [::1]"",24,1,Query,..."
"2021-12-12 21:13:37.318527,""root[root] @ localhost [::1]"",24,1,Query,..."
"2021-12-12 21:13:37.319432,""root[root] @ localhost [::1]"",24,1,Query,..."
"2021-12-12 21:13:40.996065,""root[root] @ localhost [::1]"",25,1,Query,..."
"2021-12-12 21:13:41.007127,""root[root] @ localhost [::1]"",24,1,Query,..."
"2021-12-12 21:13:41.008369,""root[root] @ localhost [::1]"",24,1,Query,..."
"2021-12-12 21:13:41.008930,""root[root] @ localhost [::1]"",24,1,Query,..."
"2021-12-12 21:13:59.396484,""root[root] @ localhost [::1]"",25,1,Query,..."
"2021-12-12 21:13:59.407848,""root[root] @ localhost [::1]"",24,1,Query,..."
"2021-12-12 21:13:59.409015,""root[root] @ localhost [::1]"",24,1,Query,..."
"2021-12-12 21:13:59.409572,""root[root] @ localhost [::1]"",24,1,Query,..."
"2021-12-12 21:14:13.970638,""root[root] @ localhost [::1]"",25,1,Query,..."
"2021-12-12 21:14:13.981025,""root[root] @ localhost [::1]"",24,1,Query,..."
"2021-12-12 21:14:13.982220,""root[root] @ localhost [::1]"",24,1,Query,..."
"2021-12-12 21:14:13.982719,""root[root] @ localhost [::1]"",24,1,Query,..."
"2021-12-12 21:14:24.599378,""root[root] @ localhost [::1]"",25,1,Query,..."
"2021-12-12 21:14:24.630777,""root[root] @ localhost [::1]"",24,1,Query,..."
"2021-12-12 21:14:24.632080,""root[root] @ localhost [::1]"",24,1,Query,..."
"2021-12-12 21:14:24.632699,""root[root] @ localhost [::1]"",24,1,Query,..."
"2021-12-12 21:14:57.874457,""root[root] @ localhost [::1]"",25,1,Query,..."
"2021-12-12 21:14:57.906486,""root[root] @ localhost [::1]"",24,1,Query,..."
"2021-12-12 21:14:57.907706,""root[root] @ localhost [::1]"",24,1,Query,..."
"2021-12-12 21:14:57.908258,""root[root] @ localhost [::1]"",24,1,Query,..."
"2021-12-12 21:15:01.571759,""root[root] @ localhost [::1]"",25,1,Query,..."
"2021-12-12 21:15:01.582102,""root[root] @ localhost [::1]"",24,1,Query,..."
"2021-12-12 21:15:01.583283,""root[root] @ localhost [::1]"",24,1,Query,..."
"2021-12-12 21:15:01.583813,""root[root] @ localhost [::1]"",24,1,Query,..."
"2021-12-12 21:15:07.971598,""root[root] @ localhost [::1]"",25,1,Query,..."
"2021-12-12 21:15:07.982188,""root[root] @ localhost [::1]"",24,1,Query,..."
"2021-12-12 21:15:07.983568,""root[root] @ localhost [::1]"",24,1,Query,..."
"2021-12-12 21:15:07.984346,""root[root] @ localhost [::1]"",24,1,Query,..."
"2021-12-12 21:15:24.766740,""root[root] @ localhost [::1]"",25,1,Query,..."
"2021-12-12 21:15:24.813345,""root[root] @ localhost [::1]"",24,1,Query,..."
"2021-12-12 21:15:24.814442,""root[root] @ localhost [::1]"",24,1,Query,..."
"2021-12-12 21:15:24.815003,""root[root] @ localhost [::1]"",24,1,Query,..."
"2021-12-12 21:18:05.383488,""root[root] @ localhost [::1]"",25,1,Query,..."
"2021-12-12 21:18:30.816830,""root[root] @ localhost [::1]"",25,1,Query,..."
"2021-12-12 21:18:30.936406,""root[root] @ localhost [::1]"",24,1,Query,..."
"2021-12-12 21:18:30.937710,""root[root] @ localhost [::1]"",24,1,Query,..."
"2021-12-12 21:18:30.938250,""root[root] @ localhost [::1]"",24,1,Query,..."
"2021-12-12 21:22:14.436055,""root[root] @ localhost [::1]"",25,1,Query,..."
"2021-12-12 21:22:14.600226,""root[root] @ localhost [::1]"",24,1,Query,..."
"2021-12-12 21:22:14.601458,""root[root] @ localhost [::1]"",24,1,Query,..."
"2021-12-12 21:22:14.601964,""root[root] @ localhost [::1]"",24,1,Query,..."
"2021-12-12 21:23:37.948752,""root[root] @ localhost [::1]"",25,1,Query,..."
"2021-12-12 21:23:37.959305,""root[root] @ localhost [::1]"",24,1,Query,..."
"2021-12-12 21:23:37.960477,""root[root] @ localhost [::1]"",24,1,Query,..."
"2021-12-12 21:23:37.961025,""root[root] @ localhost [::1]"",24,1,Query,..."
"2021-12-12 21:23:45.992995,""root[root] @ localhost [::1]"",25,1,Query,..."
"2021-12-12 21:23:46.003883,""root[root] @ localhost [::1]"",24,1,Query,..."
"2021-12-12 21:23:46.005068,""root[root] @ localhost [::1]"",24,1,Query,..."
"2021-12-12 21:23:46.005581,""root[root] @ localhost [::1]"",24,1,Query,..."
"2021-12-12 21:23:53.449907,""root[root] @ localhost [::1]"",25,1,Query,..."
"2021-12-12 21:23:53.460229,""root[root] @ localhost [::1]"",24,1,Query,..."
"2021-12-12 21:23:53.461397,""root[root] @ localhost [::1]"",24,1,Query,..."
"2021-12-12 21:23:53.461898,""root[root] @ localhost [::1]"",24,1,Query,..."
"2021-12-12 21:24:48.202721,""root[root] @ localhost [::1]"",25,1,Query,..."
"2021-12-12 21:24:48.212963,""root[root] @ localhost [::1]"",24,1,Query,..."
"2021-12-12 21:24:48.214277,""root[root] @ localhost [::1]"",24,1,Query,..."
"2021-12-12 21:24:48.214957,""root[root] @ localhost [::1]"",24,1,Query,..."
"2021-12-12 21:24:52.161564,""root[root] @ localhost [::1]"",25,1,Query,..."
"2021-12-12 21:24:52.172241,""root[root] @ localhost [::1]"",24,1,Query,..."
"2021-12-12 21:24:52.173351,""root[root] @ localhost [::1]"",24,1,Query,..."
"2021-12-12 21:24:52.173946,""root[root] @ localhost [::1]"",24,1,Query,..."
"2021-12-12 21:40:18.414379,""root[root] @ localhost [::1]"",25,1,Query,..."
"2021-12-12 21:40:18.741579,""root[root] @ localhost [::1]"",24,1,Query,..."
"2021-12-12 21:40:18.767304,""root[root] @ localhost [::1]"",24,1,Query,..."
"2021-12-12 21:40:18.767864,""root[root] @ localhost [::1]"",24,1,Query,..."
"2021-12-12 21:41:57.755669,""root[root] @ localhost [::1]"",25,1,Query,..."
"2021-12-12 21:42:13.461499,""root[root] @ localhost [::1]"",25,1,Query,..."
"2021-12-12 21:42:33.995411,""root[root] @ localhost [::1]"",25,1,Query,..."
"2021-12-12 21:42:34.006475,""root[root] @ localhost [::1]"",24,1,Query,..."
"2021-12-12 21:42:34.029350,""root[root] @ localhost [::1]"",24,1,Query,..."
"2021-12-12 21:42:34.030004,""root[root] @ localhost [::1]"",24,1,Query,..."
"2021-12-12 21:43:13.939647,""root[root] @ localhost [::1]"",25,1,Query,..."
"2021-12-12 21:43:13.950315,""root[root] @ localhost [::1]"",24,1,Query,..."
"2021-12-12 21:43:13.951779,""root[root] @ localhost [::1]"",24,1,Query,..."
"2021-12-12 21:43:13.952449,""root[root] @ localhost [::1]"",24,1,Query,..."
"2021-12-12 21:43:46.446662,""root[root] @ localhost [::1]"",25,1,Query,..."
"2021-12-12 21:43:59.076214,""root[root] @ localhost [::1]"",25,1,Query,..."
"2021-12-12 21:43:59.195242,""root[root] @ localhost [::1]"",24,1,Query,..."
"2021-12-12 21:43:59.196435,""root[root] @ localhost [::1]"",24,1,Query,..."
"2021-12-12 21:43:59.197117,""root[root] @ localhost [::1]"",24,1,Query,..."
"2021-12-12 21:44:17.989830,""root[root] @ localhost [::1]"",25,1,Query,..."
"2021-12-12 21:44:18.000435,""root[root] @ localhost [::1]"",24,1,Query,..."
"2021-12-12 21:44:18.001652,""root[root] @ localhost [::1]"",24,1,Query,..."
"2021-12-12 21:44:18.002145,""root[root] @ localhost [::1]"",24,1,Query,..."
"2021-12-12 21:44:34.978522,""root[root] @ localhost [::1]"",25,1,Query,..."
"2021-12-12 21:44:34.989962,""root[root] @ localhost [::1]"",24,1,Query,..."
"2021-12-12 21:44:34.991299,""root[root] @ localhost [::1]"",24,1,Query,..."
"2021-12-12 21:44:34.991916,""root[root] @ localhost [::1]"",24,1,Query,..."
"2021-12-12 21:45:40.211115,""root[root] @ localhost [::1]"",25,1,Query,..."
"2021-12-12 21:45:40.222236,""root[root] @ localhost [::1]"",24,1,Query,..."
"2021-12-12 21:45:40.223729,""root[root] @ localhost [::1]"",24,1,Query,..."
"2021-12-12 21:45:40.224449,""root[root] @ localhost [::1]"",24,1,Query,..."
"2021-12-12 21:46:17.484621,""root[root] @ localhost [::1]"",25,1,Query,..."
"2021-12-12 21:46:17.496429,""root[root] @ localhost [::1]"",24,1,Query,..."
"2021-12-12 21:46:17.497628,""root[root] @ localhost [::1]"",24,1,Query,..."
"2021-12-12 21:46:17.498177,""root[root] @ localhost [::1]"",24,1,Query,..."
"2021-12-12 21:46:31.548779,""root[root] @ localhost [::1]"",25,1,Query,..."
"2021-12-12 21:46:31.560074,""root[root] @ localhost [::1]"",24,1,Query,..."
"2021-12-12 21:46:31.561425,""root[root] @ localhost [::1]"",24,1,Query,..."
"2021-12-12 21:46:31.561997,""root[root] @ localhost [::1]"",24,1,Query,..."
"2021-12-12 21:46:52.005047,""root[root] @ localhost [::1]"",25,1,Query,..."
"2021-12-12 21:46:52.016778,""root[root] @ localhost [::1]"",24,1,Query,..."
"2021-12-12 21:46:52.018029,""root[root] @ localhost [::1]"",24,1,Query,..."
"2021-12-12 21:46:52.018617,""root[root] @ localhost [::1]"",24,1,Query,..."
"2021-12-12 21:46:59.907341,""root[root] @ localhost [::1]"",25,1,Query,..."
"2021-12-12 21:46:59.920165,""root[root] @ localhost [::1]"",24,1,Query,..."
"2021-12-12 21:46:59.921330,""root[root] @ localhost [::1]"",24,1,Query,..."
"2021-12-12 21:46:59.921870,""root[root] @ localhost [::1]"",24,1,Query,..."
"2021-12-12 21:47:08.341834,""root[root] @ localhost [::1]"",25,1,Query,..."
"2021-12-12 21:47:08.352905,""root[root] @ localhost [::1]"",24,1,Query,..."
"2021-12-12 21:47:08.354015,""root[root] @ localhost [::1]"",24,1,Query,..."
"2021-12-12 21:47:08.354554,""root[root] @ localhost [::1]"",24,1,Query,..."
"2021-12-12 21:55:45.755257,""root[root] @ localhost [::1]"",25,1,Query,..."
"2021-12-12 21:55:45.771287,""root[root] @ localhost [::1]"",24,1,Query,..."
"2021-12-12 21:55:45.772647,""root[root] @ localhost [::1]"",24,1,Query,..."
"2021-12-12 21:55:45.773239,""root[root] @ localhost [::1]"",24,1,Query,..."
"2021-12-12 21:55:55.403352,""root[root] @ localhost [::1]"",25,1,Query,..."
"2021-12-12 21:55:55.414105,""root[root] @ localhost [::1]"",24,1,Query,..."
"2021-12-12 21:55:55.415408,""root[root] @ localhost [::1]"",24,1,Query,..."
"2021-12-12 21:55:55.416002,""root[root] @ localhost [::1]"",24,1,Query,..."
"2021-12-12 21:56:20.943905,""root[root] @ localhost [::1]"",25,1,Query,..."
"2021-12-12 21:56:20.969372,""root[root] @ localhost [::1]"",24,1,Query,..."
"2021-12-12 21:56:20.970700,""root[root] @ localhost [::1]"",24,1,Query,..."
"2021-12-12 21:56:20.971484,""root[root] @ localhost [::1]"",24,1,Query,..."
"2021-12-12 21:58:12.855601,""root[root] @ localhost [::1]"",25,1,Query,..."
"2021-12-12 21:58:12.866224,""root[root] @ localhost [::1]"",24,1,Query,..."
"2021-12-12 21:58:12.867446,""root[root] @ localhost [::1]"",24,1,Query,..."
"2021-12-12 21:58:12.868031,""root[root] @ localhost [::1]"",24,1,Query,..."
"2021-12-12 22:17:58.963852,""root[root] @ localhost [::1]"",25,1,Query,..."
"2021-12-12 22:17:58.974763,""root[root] @ localhost [::1]"",24,1,Query,..."
"2021-12-12 22:17:58.976211,""root[root] @ localhost [::1]"",24,1,Query,..."
"2021-12-12 22:17:58.977243,""root[root] @ localhost [::1]"",24,1,Query,..."
"2021-12-12 22:17:58.979222,""root[root] @ localhost [::1]"",24,1,Query,..."
"2021-12-12 22:18:38.823085,""root[root] @ localhost [::1]"",25,1,Query,..."
"2021-12-12 22:18:38.869427,""root[root] @ localhost [::1]"",24,1,Query,..."
"2021-12-12 22:18:38.870598,""root[root] @ localhost [::1]"",24,1,Query,..."
"2021-12-12 22:18:38.871098,""root[root] @ localhost [::1]"",24,1,Query,..."
"2021-12-12 22:19:13.405077,""root[root] @ localhost [::1]"",25,1,Query,..."
"2021-12-12 22:19:13.416144,""root[root] @ localhost [::1]"",24,1,Query,..."
"2021-12-12 22:19:13.417281,""root[root] @ localhost [::1]"",24,1,Query,..."
"2021-12-12 22:19:13.417803,""root[root] @ localhost [::1]"",24,1,Query,..."
"2021-12-12 22:19:13.419519,""root[root] @ localhost [::1]"",24,1,Query,..."
"2021-12-12 22:20:23.392405,""root[root] @ localhost [::1]"",25,1,Query,..."
"2021-12-12 22:20:36.715556,""root[root] @ localhost [::1]"",25,1,Query,..."
"2021-12-12 22:20:36.726169,""root[root] @ localhost [::1]"",24,1,Query,..."
"2021-12-12 22:20:36.727315,""root[root] @ localhost [::1]"",24,1,Query,..."
"2021-12-12 22:20:36.727820,""root[root] @ localhost [::1]"",24,1,Query,..."
"2021-12-12 22:22:32.019178,""root[root] @ localhost [::1]"",25,1,Query,..."
"2021-12-12 22:22:32.030455,""root[root] @ localhost [::1]"",24,1,Query,..."
"2021-12-12 22:22:32.031841,""root[root] @ localhost [::1]"",24,1,Query,..."
"2021-12-12 22:22:32.032493,""root[root] @ localhost [::1]"",24,1,Query,..."
"2021-12-12 22:22:40.442782,""root[root] @ localhost [::1]"",25,1,Query,..."
"2021-12-12 22:22:40.453515,""root[root] @ localhost [::1]"",24,1,Query,..."
"2021-12-12 22:22:40.454807,""root[root] @ localhost [::1]"",24,1,Query,..."
"2021-12-12 22:22:40.455374,""root[root] @ localhost [::1]"",24,1,Query,..."
"2021-12-12 22:23:24.746386,""root[root] @ localhost [::1]"",25,1,Query,..."
"2021-12-12 22:23:24.820932,""root[root] @ localhost [::1]"",24,1,Query,..."
"2021-12-12 22:23:24.822061,""root[root] @ localhost [::1]"",24,1,Query,..."
"2021-12-12 22:23:24.822627,""root[root] @ localhost [::1]"",24,1,Query,..."
"2021-12-12 22:23:34.779891,""root[root] @ localhost [::1]"",25,1,Query,..."
"2021-12-12 22:23:34.791517,""root[root] @ localhost [::1]"",24,1,Query,..."
"2021-12-12 22:23:34.792828,""root[root] @ localhost [::1]"",24,1,Query,..."
"2021-12-12 22:23:34.793502,""root[root] @ localhost [::1]"",24,1,Query,..."
"2021-12-12 22:24:25.953790,""root[root] @ localhost [::1]"",25,1,Query,..."
"2021-12-12 22:24:25.964448,""root[root] @ localhost [::1]"",24,1,Query,..."
"2021-12-12 22:24:25.965708,""root[root] @ localhost [::1]"",24,1,Query,..."
"2021-12-12 22:24:25.966213,""root[root] @ localhost [::1]"",24,1,Query,..."
"2021-12-12 22:24:25.967663,""root[root] @ localhost [::1]"",24,1,Query,..."
"2021-12-12 22:25:21.068004,""root[root] @ localhost [::1]"",25,1,Query,..."
"2021-12-12 22:25:21.078451,""root[root] @ localhost [::1]"",24,1,Query,..."
"2021-12-12 22:25:21.079875,""root[root] @ localhost [::1]"",24,1,Query,..."
"2021-12-12 22:25:21.080479,""root[root] @ localhost [::1]"",24,1,Query,..."
"2021-12-12 22:25:41.241225,""root[root] @ localhost [::1]"",25,1,Query,..."
"2021-12-12 22:25:41.252568,""root[root] @ localhost [::1]"",24,1,Query,..."
"2021-12-12 22:25:41.253720,""root[root] @ localhost [::1]"",24,1,Query,..."
"2021-12-12 22:25:41.254223,""root[root] @ localhost [::1]"",24,1,Query,..."
"2021-12-12 22:27:45.280146,""root[root] @ localhost [::1]"",25,1,Query,..."
"2021-12-12 22:27:45.291245,""root[root] @ localhost [::1]"",24,1,Query,..."
"2021-12-12 22:27:45.292485,""root[root] @ localhost [::1]"",24,1,Query,..."
"2021-12-12 22:27:45.293064,""root[root] @ localhost [::1]"",24,1,Query,..."
"2021-12-12 22:27:57.512117,""root[root] @ localhost [::1]"",25,1,Query,..."
"2021-12-12 22:27:57.522800,""root[root] @ localhost [::1]"",24,1,Query,..."
"2021-12-12 22:27:57.523991,""root[root] @ localhost [::1]"",24,1,Query,..."
"2021-12-12 22:27:57.524500,""root[root] @ localhost [::1]"",24,1,Query,..."
"2021-12-12 22:28:16.578334,""root[root] @ localhost [::1]"",25,1,Query,..."
"2021-12-12 22:28:16.588785,""root[root] @ localhost [::1]"",24,1,Query,..."
"2021-12-12 22:28:16.590104,""root[root] @ localhost [::1]"",24,1,Query,..."
"2021-12-12 22:28:16.590643,""root[root] @ localhost [::1]"",24,1,Query,..."
"2021-12-12 22:35:13.135917,""root[root] @ localhost [::1]"",25,1,Query,..."
"2021-12-12 22:35:29.407644,""root[root] @ localhost [::1]"",25,1,Query,..."
"2021-12-12 22:36:01.989328,""root[root] @ localhost [::1]"",25,1,Query,..."
"2021-12-12 22:36:06.941558,""root[root] @ localhost [::1]"",25,1,Query,..."
"2021-12-12 22:36:29.996276,""root[root] @ localhost [::1]"",25,1,Query,..."
"2021-12-12 22:36:39.342836,""root[root] @ localhost [::1]"",25,1,Query,..."
"2021-12-12 22:36:55.525644,""root[root] @ localhost [::1]"",25,1,Query,..."
"2021-12-12 22:36:55.537780,""root[root] @ localhost [::1]"",24,1,Query,..."
"2021-12-12 22:36:55.539029,""root[root] @ localhost [::1]"",24,1,Query,..."
"2021-12-12 22:36:55.539566,""root[root] @ localhost [::1]"",24,1,Query,..."
"2021-12-12 22:37:27.969400,""root[root] @ localhost [::1]"",25,1,Query,..."
"2021-12-12 22:37:27.980560,""root[root] @ localhost [::1]"",24,1,Query,..."
"2021-12-12 22:37:27.981909,""root[root] @ localhost [::1]"",24,1,Query,..."
"2021-12-12 22:37:27.982582,""root[root] @ localhost [::1]"",24,1,Query,..."
"2021-12-12 22:37:34.115542,""root[root] @ localhost [::1]"",25,1,Query,..."
"2021-12-12 22:37:34.161416,""root[root] @ localhost [::1]"",24,1,Query,..."
"2021-12-12 22:37:34.185800,""root[root] @ localhost [::1]"",24,1,Query,..."
"2021-12-12 22:37:34.186452,""root[root] @ localhost [::1]"",24,1,Query,..."
"2021-12-12 22:37:48.875239,""root[root] @ localhost [::1]"",25,1,Query,..."
"2021-12-12 22:37:48.886611,""root[root] @ localhost [::1]"",24,1,Query,..."
"2021-12-12 22:37:48.887904,""root[root] @ localhost [::1]"",24,1,Query,..."
"2021-12-12 22:37:48.888662,""root[root] @ localhost [::1]"",24,1,Query,..."
"2021-12-12 22:37:59.362892,""root[root] @ localhost [::1]"",25,1,Query,..."
"2021-12-12 22:37:59.374731,""root[root] @ localhost [::1]"",24,1,Query,..."
"2021-12-12 22:37:59.375870,""root[root] @ localhost [::1]"",24,1,Query,..."
"2021-12-12 22:37:59.376387,""root[root] @ localhost [::1]"",24,1,Query,..."
"2021-12-12 22:38:11.478077,""root[root] @ localhost [::1]"",25,1,Query,..."
"2021-12-12 22:38:11.489255,""root[root] @ localhost [::1]"",24,1,Query,..."
"2021-12-12 22:38:11.490587,""root[root] @ localhost [::1]"",24,1,Query,..."
"2021-12-12 22:38:11.491158,""root[root] @ localhost [::1]"",24,1,Query,..."
"2021-12-12 22:44:12.623334,""root[root] @ localhost [::1]"",25,1,Query,..."
"2021-12-12 22:44:12.634362,""root[root] @ localhost [::1]"",24,1,Query,..."
"2021-12-12 22:44:12.635677,""root[root] @ localhost [::1]"",24,1,Query,..."
"2021-12-12 22:44:12.636191,""root[root] @ localhost [::1]"",24,1,Query,..."
"2021-12-12 22:44:30.486164,""root[root] @ localhost [::1]"",25,1,Query,..."
"2021-12-12 22:44:30.497191,""root[root] @ localhost [::1]"",24,1,Query,..."
"2021-12-12 22:44:30.498434,""root[root] @ localhost [::1]"",24,1,Query,..."
"2021-12-12 22:44:30.499146,""root[root] @ localhost [::1]"",24,1,Query,..."
"2021-12-12 22:44:39.601547,""root[root] @ localhost [::1]"",25,1,Query,..."
"2021-12-12 22:44:39.631338,""root[root] @ localhost [::1]"",24,1,Query,..."
"2021-12-12 22:44:39.632531,""root[root] @ localhost [::1]"",24,1,Query,..."
"2021-12-12 22:44:39.633078,""root[root] @ localhost [::1]"",24,1,Query,..."
"2021-12-12 22:45:13.457737,""root[root] @ localhost [::1]"",25,1,Query,..."
"2021-12-12 22:45:13.468139,""root[root] @ localhost [::1]"",24,1,Query,..."
"2021-12-12 22:45:13.469598,""root[root] @ localhost [::1]"",24,1,Query,..."
"2021-12-12 22:45:13.470549,""root[root] @ localhost [::1]"",24,1,Query,..."
"2021-12-13 00:06:22.156033,""root[root] @ localhost [::1]"",25,1,Query,..."
"2021-12-13 00:06:22.257093,""root[root] @ localhost [::1]"",24,1,Query,..."
"2021-12-13 00:06:22.321957,""root[root] @ localhost [::1]"",24,1,Query,..."
"2021-12-13 00:06:22.322722,""root[root] @ localhost [::1]"",24,1,Query,..."
"2021-12-13 00:10:29.008518,""root[root] @ localhost [::1]"",25,1,Query,..."
"2021-12-13 00:10:52.880825,""root[root] @ localhost [::1]"",25,1,Query,..."
"2021-12-13 00:10:52.921317,""root[root] @ localhost [::1]"",24,1,Query,..."
"2021-12-13 00:10:52.923086,""root[root] @ localhost [::1]"",24,1,Query,..."
"2021-12-13 00:10:52.923695,""root[root] @ localhost [::1]"",24,1,Query,..."
"2021-12-13 00:11:00.338978,""root[root] @ localhost [::1]"",25,1,Query,..."
"2021-12-13 00:11:00.349906,""root[root] @ localhost [::1]"",24,1,Query,..."
"2021-12-13 00:11:00.351206,""root[root] @ localhost [::1]"",24,1,Query,..."
"2021-12-13 00:11:00.351806,""root[root] @ localhost [::1]"",24,1,Query,..."
"2021-12-13 00:11:31.930348,""root[root] @ localhost [::1]"",25,1,Query,..."
"2021-12-13 00:11:31.955653,""root[root] @ localhost [::1]"",24,1,Query,..."
"2021-12-13 00:11:31.956898,""root[root] @ localhost [::1]"",24,1,Query,..."
"2021-12-13 00:11:31.957425,""root[root] @ localhost [::1]"",24,1,Query,..."
"2021-12-13 00:11:42.436876,""root[root] @ localhost [::1]"",25,1,Query,..."
"2021-12-13 00:11:42.448493,""root[root] @ localhost [::1]"",24,1,Query,..."
"2021-12-13 00:11:42.449879,""root[root] @ localhost [::1]"",24,1,Query,..."
"2021-12-13 00:11:42.450399,""root[root] @ localhost [::1]"",24,1,Query,..."
"2021-12-13 00:12:14.068244,""root[root] @ localhost [::1]"",25,1,Query,..."
"2021-12-13 00:12:14.121189,""root[root] @ localhost [::1]"",24,1,Query,..."
"2021-12-13 00:12:14.122357,""root[root] @ localhost [::1]"",24,1,Query,..."
"2021-12-13 00:12:14.122877,""root[root] @ localhost [::1]"",24,1,Query,..."
"2021-12-13 00:14:43.106634,""root[root] @ localhost [::1]"",25,1,Query,..."
"2021-12-13 00:15:08.482046,""root[root] @ localhost [::1]"",25,1,Query,..."
"2021-12-13 00:15:08.540893,""root[root] @ localhost [::1]"",24,1,Query,..."
"2021-12-13 00:15:08.600885,""root[root] @ localhost [::1]"",24,1,Query,..."
"2021-12-13 00:15:08.601556,""root[root] @ localhost [::1]"",24,1,Query,..."
"2021-12-13 00:15:46.408149,""root[root] @ localhost [::1]"",25,1,Query,..."
"2021-12-13 00:15:46.419442,""root[root] @ localhost [::1]"",24,1,Query,..."
"2021-12-13 00:15:46.477394,""root[root] @ localhost [::1]"",24,1,Query,..."
"2021-12-13 00:15:46.478396,""root[root] @ localhost [::1]"",24,1,Query,..."
"2021-12-13 00:21:32.259457,""root[root] @ localhost [::1]"",25,1,Query,..."
"2021-12-13 00:21:32.269888,""root[root] @ localhost [::1]"",24,1,Query,..."
"2021-12-13 00:21:32.271237,""root[root] @ localhost [::1]"",24,1,Query,..."
"2021-12-13 00:21:32.271832,""root[root] @ localhost [::1]"",24,1,Query,..."
"2021-12-13 00:29:01.256257,""root[root] @ localhost [::1]"",25,1,Query,..."
"2021-12-13 00:29:29.880326,""root[root] @ localhost [::1]"",25,1,Query,..."
"2021-12-13 00:29:29.891128,""root[root] @ localhost [::1]"",24,1,Query,..."
"2021-12-13 00:29:29.918577,""root[root] @ localhost [::1]"",24,1,Query,..."
"2021-12-13 00:29:29.919233,""root[root] @ localhost [::1]"",24,1,Query,..."
"2021-12-13 00:29:56.585009,""root[root] @ localhost [::1]"",25,1,Query,..."
"2021-12-13 00:29:56.637598,""root[root] @ localhost [::1]"",24,1,Query,..."
"2021-12-13 00:29:56.638793,""root[root] @ localhost [::1]"",24,1,Query,..."
"2021-12-13 00:29:56.639283,""root[root] @ localhost [::1]"",24,1,Query,..."
"2021-12-13 00:30:35.579486,""root[root] @ localhost [::1]"",25,1,Query,..."
"2021-12-13 00:30:35.607394,""root[root] @ localhost [::1]"",24,1,Query,..."
"2021-12-13 00:30:35.608619,""root[root] @ localhost [::1]"",24,1,Query,..."
"2021-12-13 00:30:35.609139,""root[root] @ localhost [::1]"",24,1,Query,..."
"2021-12-13 00:30:55.927991,""root[root] @ localhost [::1]"",25,1,Query,..."
"2021-12-13 00:30:56.163937,""root[root] @ localhost [::1]"",24,1,Query,..."
"2021-12-13 00:30:56.196075,""root[root] @ localhost [::1]"",24,1,Query,..."
"2021-12-13 00:30:56.196654,""root[root] @ localhost [::1]"",24,1,Query,..."
"2021-12-13 00:31:04.560597,""root[root] @ localhost [::1]"",25,1,Query,..."
"2021-12-13 00:31:04.571452,""root[root] @ localhost [::1]"",24,1,Query,..."
"2021-12-13 00:31:04.572583,""root[root] @ localhost [::1]"",24,1,Query,..."
"2021-12-13 00:31:04.573102,""root[root] @ localhost [::1]"",24,1,Query,..."
"2021-12-13 00:32:44.506292,""root[root] @ localhost [::1]"",25,1,Query,..."
"2021-12-13 00:32:44.559800,""root[root] @ localhost [::1]"",25,1,Query,..."
"2021-12-13 00:32:44.562304,""root[root] @ localhost [::1]"",25,1,Query,..."
"2021-12-13 00:32:44.584998,""root[root] @ localhost [::1]"",25,1,Query,..."
"2021-12-13 00:32:44.608410,""root[root] @ localhost [::1]"",25,1,Query,..."
"2021-12-13 00:36:12.392663,""root[root] @ localhost [::1]"",25,1,Query,..."
"2021-12-13 00:36:12.393141,""root[root] @ localhost [::1]"",25,1,Query,..."
"2021-12-13 00:36:12.395264,""root[root] @ localhost [::1]"",25,1,Query,..."
"2021-12-13 00:36:12.398870,""root[root] @ localhost [::1]"",25,1,Query,..."
"2021-12-13 00:36:25.475967,""root[root] @ localhost [::1]"",25,1,Query,..."
"2021-12-13 00:36:25.476369,""root[root] @ localhost [::1]"",25,1,Query,..."
"2021-12-13 00:36:25.478482,""root[root] @ localhost [::1]"",25,1,Query,..."
"2021-12-13 00:36:25.508530,""root[root] @ localhost [::1]"",25,1,Query,..."
"2021-12-13 00:38:37.189589,""root[root] @ localhost [::1]"",25,1,Query,..."
"2021-12-13 00:38:37.201200,""root[root] @ localhost [::1]"",24,1,Query,..."
"2021-12-13 00:38:37.237032,""root[root] @ localhost [::1]"",24,1,Query,..."
"2021-12-13 00:38:37.237597,""root[root] @ localhost [::1]"",24,1,Query,..."
"2021-12-13 00:39:28.661123,""root[root] @ localhost [::1]"",25,1,Query,..."
"2021-12-13 00:39:28.671630,""root[root] @ localhost [::1]"",24,1,Query,..."
"2021-12-13 00:39:28.672852,""root[root] @ localhost [::1]"",24,1,Query,..."
"2021-12-13 00:39:28.673445,""root[root] @ localhost [::1]"",24,1,Query,..."
"2021-12-13 00:50:23.208636,""root[root] @ localhost [::1]"",25,1,Query,..."
"2021-12-13 00:50:52.841455,""root[root] @ localhost [::1]"",25,1,Query,..."
"2021-12-13 00:50:53.054566,""root[root] @ localhost [::1]"",24,1,Query,..."
"2021-12-13 00:50:53.055637,""root[root] @ localhost [::1]"",24,1,Query,..."
"2021-12-13 00:50:53.056132,""root[root] @ localhost [::1]"",24,1,Query,..."
"2021-12-13 00:51:43.151196,""root[root] @ localhost [::1]"",24,1,Query,..."
"2021-12-13 00:51:43.438159,""root[root] @ localhost [::1]"",24,1,Query,..."
"2021-12-13 00:51:43.543806,""root[root] @ localhost [::1]"",24,1,Query,..."
"2021-12-13 00:51:43.559247,""root[root] @ localhost [::1]"",24,1,Query,..."
"2021-12-13 00:51:43.579178,""root[root] @ localhost [::1]"",25,1,Query,..."
"2021-12-13 00:51:43.594072,""root[root] @ localhost [::1]"",25,1,Query,..."
"2021-12-13 00:51:43.595911,""root[root] @ localhost [::1]"",25,1,Query,..."
"2021-12-13 00:51:43.630233,""root[root] @ localhost [::1]"",25,1,Query,..."
"2021-12-13 00:51:43.631832,""root[root] @ localhost [::1]"",25,1,Query,..."
"2021-12-13 00:51:43.633303,""root[root] @ localhost [::1]"",25,1,Query,..."
"2021-12-13 00:51:43.637312,""root[root] @ localhost [::1]"",25,1,Query,..."
"2021-12-13 00:51:43.687085,""root[root] @ localhost [::1]"",25,1,Query,..."
"2021-12-13 00:51:43.693558,""root[root] @ localhost [::1]"",25,1,Query,..."
"2021-12-13 00:51:43.693932,""root[root] @ localhost [::1]"",24,1,Query,..."
"2021-12-13 00:51:43.696626,""root[root] @ localhost [::1]"",24,1,Query,..."
"2021-12-13 00:51:43.704760,""root[root] @ localhost [::1]"",25,1,Query,..."
"2021-12-13 00:51:43.730179,""root[root] @ localhost [::1]"",25,1,Query,..."
"2021-12-13 00:51:43.741188,""root[root] @ localhost [::1]"",25,1,Query,..."
"2021-12-13 00:51:43.763206,""root[root] @ localhost [::1]"",25,1,Query,..."
"2021-12-13 00:51:43.936808,""root[root] @ localhost [::1]"",24,1,Query,..."
"2021-12-13 00:51:43.939436,""root[root] @ localhost [::1]"",24,1,Query,..."
"2021-12-13 00:51:44.126662,""root[root] @ localhost [::1]"",24,1,Query,..."
"2021-12-13 00:51:44.129287,""root[root] @ localhost [::1]"",24,1,Query,..."
"2021-12-13 00:51:44.177928,""root[root] @ localhost [::1]"",24,1,Query,..."
"2021-12-13 00:51:44.197385,""root[root] @ localhost [::1]"",24,1,Query,..."
"2021-12-13 00:51:44.595348,""root[root] @ localhost [::1]"",24,1,Query,..."
"2021-12-13 00:51:44.598149,""root[root] @ localhost [::1]"",24,1,Query,..."
"2021-12-13 00:51:44.601568,""root[root] @ localhost [::1]"",24,1,Query,..."
"2021-12-13 00:51:44.603632,""root[root] @ localhost [::1]"",24,1,Query,..."
"2021-12-13 00:51:44.637319,""root[root] @ localhost [::1]"",24,1,Query,..."
"2021-12-13 00:51:44.639569,""root[root] @ localhost [::1]"",24,1,Query,..."
"2021-12-13 00:51:54.444565,""root[root] @ localhost [::1]"",25,1,Query,..."
"2021-12-13 00:51:54.454860,""root[root] @ localhost [::1]"",24,1,Query,..."
"2021-12-13 00:51:54.456042,""root[root] @ localhost [::1]"",24,1,Query,..."
"2021-12-13 00:51:54.456602,""root[root] @ localhost [::1]"",24,1,Query,..."
"2021-12-13 00:52:15.968683,""root[root] @ localhost [::1]"",25,1,Query,..."
"2021-12-13 00:52:22.472769,""root[root] @ localhost [::1]"",25,1,Query,..."
"2021-12-13 00:52:22.483509,""root[root] @ localhost [::1]"",24,1,Query,..."
"2021-12-13 00:52:22.484681,""root[root] @ localhost [::1]"",24,1,Query,..."
"2021-12-13 00:52:22.485217,""root[root] @ localhost [::1]"",24,1,Query,..."
"2021-12-13 00:52:27.660176,""root[root] @ localhost [::1]"",24,1,Query,..."
"2021-12-13 00:52:48.701111,""root[root] @ localhost [::1]"",25,1,Query,..."
"2021-12-13 00:52:48.711340,""root[root] @ localhost [::1]"",24,1,Query,..."
"2021-12-13 00:52:48.712438,""root[root] @ localhost [::1]"",24,1,Query,..."
"2021-12-13 00:52:48.713039,""root[root] @ localhost [::1]"",24,1,Query,..."
"2021-12-13 00:53:55.338563,""root[root] @ localhost [::1]"",25,1,Query,..."
"2021-12-13 00:53:55.481656,""root[root] @ localhost [::1]"",24,1,Query,..."
"2021-12-13 00:53:55.483038,""root[root] @ localhost [::1]"",24,1,Query,..."
"2021-12-13 00:53:55.483762,""root[root] @ localhost [::1]"",24,1,Query,..."
"2021-12-13 00:53:55.485309,""root[root] @ localhost [::1]"",24,1,Query,..."
"2021-12-13 01:05:37.858562,""root[root] @ localhost [::1]"",25,1,Query,..."
"2021-12-13 01:05:37.859069,""root[root] @ localhost [::1]"",25,1,Query,..."
"2021-12-13 01:05:37.917826,""root[root] @ localhost [::1]"",25,1,Query,..."
"2021-12-13 01:06:25.912637,""root[root] @ localhost [::1]"",25,1,Query,..."
"2021-12-13 01:06:44.910889,""root[root] @ localhost [::1]"",24,1,Query,..."
"2021-12-13 01:06:44.996016,""root[root] @ localhost [::1]"",24,1,Query,..."
"2021-12-13 01:06:45.015756,""root[root] @ localhost [::1]"",24,1,Query,..."
"2021-12-13 01:06:45.017106,""root[root] @ localhost [::1]"",24,1,Query,..."
"2021-12-13 01:06:45.038819,""root[root] @ localhost [::1]"",25,1,Query,..."
